Workbook
Name D2D_Միացումներ: #REF!
Name D2D_Սակագին: #REF!
Name D2D_Տոկոս: #REF!
Name Առաջնահերթ_Ցանկ: #REF!
Name Առողջ_Գումար: #REF!
Name Աստիճան_Բոնուս: #REF!
Name Աստիճան_Շեմ: #REF!
Name Բաժինների_Ցանկ: #REF!
Name Դրոշմ_Գումար: #REF!
Name Դրոշմ_Զուտ_Սահման: #REF!
Name Եկամտային_Հարկ: #REF!
Name Կուտակային: #REF!
Name Հարկ_Գործակից: #REF!
Name Մոդելների_Ցանկ: #REF!
Name Պաշտոնների_Ցանկ: KPI!$C$14:$C$44

Sheet Ամփոփ պատկեր
B2: ԱՄՓՈՓ ՊԱՏԿԵՐ
B4: ԿԱԶՄԱԿԵՐՊՈՒԹՅՈՒՆ
B6: ԸՆԴԱՄԵՆԸ ՀԱՍՏԻՔ | E6: ՀԱՄԱԼՐՎԱԾ | H6: ԹԱՓՈՒՐ | K6: ԼՐԱՑՎԱԾՈՒԹՅՈՒՆ
B7: ='Կառուցվածք և աշխատավարձ'!$F$55-'Կառուցվածք և աշխատավարձ'!$F$53 -> 52 | E7: ='Կառուցվածք և աշխատավարձ'!$G$55-'Կառուցվածք և աշխատավարձ'!$G$53 -> 25 | H7: ='Կառուցվածք և աշխատավարձ'!$H$55-'Կառուցվածք և աշխատավարձ'!$H$53 -> 27 | K7: =('Կառուցվածք և աշխատավարձ'!$G$55-'Կառուցվածք և աշխատավարձ'!$G$53)/('Կառուցվածք և աշխատավարձ'!$F$55-'Կառուցվածք և աշխատավարձ'!$F$53) -> 0.48076923
B8: 52 հաստիք։ + 2 ԱՁ + 3 ղեկավար (CEO/CTO/S&O) = 57 ընդամենը | E8: Փաստացի աշխատող մարդ | H8: Բացվող հաստիքներ (առանց ԱՁ) | K8: Համալրված ÷ ընդամենը
B10: ԱՄՍԱԿԱՆ ԱՇԽԱՏԱՎԱՐՁԱՅԻՆ ԲԵՌ (֏)
B12: ՖԻՔՍ՝ ՄԱՔՈՒՐ | E12: ՖԻՔՍԻ ԲԱԶԱ՝ ՀԱՐԿԵՐՈՎ | H12: ԲԱԶԱՅԻՆ ՍՑԵՆԱՐ՝ ՀԱՐԿԵՐՈՎ | K12: ՏԱՐԵԿԱՆ՝ ԲԱԶԱՅԻՆ
B13: ='Կառուցվածք և աշխատավարձ'!$P$55 -> 8310000 | E13: ='Կառուցվածք և աշխատավարձ'!$Q$55 -> 11464133 | H13: ='Կառուցվածք և աշխատավարձ'!$AA$55 -> 15695333 | K13: ='Կառուցվածք և աշխատավարձ'!$AA$55*12 -> 188344000
B14: Առանց բոնուսի՝ 52 հաստիք + 2 ԱՁ | E14: Հաշվարկային բազա։ Հատակ չէ — D2D-ն շեմից ցածր ֆիքս չի ստանում | H14: Կատարում 100–119% (բոնուս +35%) | K14: ="Հատակ "&TEXT('Կառուցվածք և աշխատավարձ'!$X$55*12,"#,##0")&" · Առաստաղ "&TEXT('Կառուցվածք և աշխատավարձ'!$AB$55*12,"#,##0")&" ֏/տարի" -> Հատակ 135,227,200 · Առաստաղ 208,705,600 ֏/տարի
B16: ՀԱՏԱԿ՝ ԱՄՍԱԿԱՆ (<80%) | E16: ԱՌԱՍՏԱՂ՝ ԱՄՍԱԿԱՆ (≥120%) | H16: ՓԱՍՏԱՑԻ ԱՅՍՕՐ | K16: ԹԱՓՈՒՐԻ ԱՐԺԵՔԸ
B17: ='Կառուցվածք և աշխատավարձ'!$X$55 -> 11268933 | E17: ='Կառուցվածք և աշխատավարձ'!$AB$55 -> 17392133 | H17: =SUMPRODUCT('Կառուցվածք և աշխատավարձ'!$O$7:$O16,'Կառուցվածք և աշխատավարձ'!$G$7:$G16)+SUMPRODUCT('Կառուցվածք և աշխատավարձ'!$O$22:$O$35,'Կառուցվածք և աշխատավարձ'!$G$22:$G$35)+SUMPRODUCT('Կառուցվածք և աշխատավարձ'!$O$39:$O$42,'Կառուցվածք և աշխատավարձ'!$G$39:$G$42)+SUMPRODUCT('Կառուցվածք և աշխատավարձ'!$O$46:$O$47,'Կառուցվածք և աշխատավարձ'!$G$46:$G$47)+SUMPRODUCT('Կառուցվածք և աշխատավարձ'!$O$51:$O$52,'Կառուցվածք և աշխատավարձ'!$G$51:$G$52) -> 6372000 | K17: =SUMPRODUCT('Կառուցվածք և աշխատավարձ'!$O$7:$O16,'Կառուցվածք և աշխատավարձ'!$H$7:$H16)+SUMPRODUCT('Կառուցվածք և աշխատավարձ'!$O$22:$O$35,'Կառուցվածք և աշխատավարձ'!$H$22:$H$35)+SUMPRODUCT('Կառուցվածք և աշխատավարձ'!$O$39:$O$42,'Կառուցվածք և աշխատավարձ'!$H$39:$H$42)+SUMPRODUCT('Կառուցվածք և աշխատավարձ'!$O$46:$O$47,'Կառուցվածք և աշխատավարձ'!$H$46:$H$47)+SUMPRODUCT('Կառուցվածք և աշխատավարձ'!$O$51:$O$52,'Կառուցվածք և աշխատավարձ'!$H$51:$H$52) -> 5092133.3
B18: Ամենացածր հնարավոր ելք, հարկերով | E18: Ամենաբարձր հնարավոր ելք, հարկերով | H18: Միայն համալրված հաստիքները, ֆիքս հարկերով | K18: Ինչ կավելանա լրիվ համալրվելիս
B20: ԵՐԵՔ ԹԻՎ | E20: ԱՄՍԱԿԱՆ, ՀԱՐԿԵՐՈՎ (֏) | H20: ԻՆՉ Է ՆԵՐԱՌՈՒՄ | K20: ՀԱՇՎԱՐԿ
B21: ՀԻՄԱ ՈՒՆԵՆՔ | E21: =SUMPRODUCT('Կառուցվածք և աշխատավարձ'!$O$7:$O16,'Կառուցվածք և աշխատավարձ'!$G$7:$G16)+SUMPRODUCT('Կառուցվածք և աշխատավարձ'!$O$22:$O$35,'Կառուցվածք և աշխատավարձ'!$G$22:$G$35)+SUMPRODUCT('Կառուցվածք և աշխատավարձ'!$O$39:$O$42,'Կառուցվածք և աշխատավարձ'!$G$39:$G$42)+SUMPRODUCT('Կառուցվածք և աշխատավարձ'!$O$46:$O$47,'Կառուցվածք և աշխատավարձ'!$G$46:$G$47)+SUMPRODUCT('Կառուցվածք և աշխատավարձ'!$O$51:$O$52,'Կառուցվածք և աշխատավարձ'!$G$51:$G$52) -> 6372000 | H21: Միայն համալրված հաստիքները, ֆիքս | K21: Ֆիքս հարկերով × համալրված
B22: ՄԵՆԱԿ ԿՐԻՏԻԿԱԿԱՆԸ | E22: =SUMPRODUCT('Կառուցվածք և աշխատավարձ'!$O$7:$O$16,'Կառուցվածք և աշխատավարձ'!$H$7:$H$16,--('Կառուցվածք և աշխատավարձ'!$I$7:$I$16="Կրիտիկական"))+SUMPRODUCT('Կառուցվածք և աշխատավարձ'!$O$22:$O$35,'Կառուցվածք և աշխատավարձ'!$H$22:$H$35,--('Կառուցվածք և աշխատավարձ'!$I$22:$I$35="Կրիտիկական"))+SUMPRODUCT('Կառուցվածք և աշխատավարձ'!$O$39:$O$42,'Կառուցվածք և աշխատավարձ'!$H$39:$H$42,--('Կառուցվածք և աշխատավարձ'!$I$39:$I$42="Կրիտիկական"))+SUMPRODUCT('Կառուցվածք և աշխատավարձ'!$O$46:$O$47,'Կառուցվածք և աշխատավարձ'!$H$46:$H$47,--('Կառուցվածք և աշխատավարձ'!$I$46:$I$47="Կրիտիկական"))+SUMPRODUCT('Կառուցվածք և աշխատավարձ'!$O$51:$O$52,'Կառուցվածք և աշխատավարձ'!$H$51:$H$52,--('Կառուցվածք և աշխատավարձ'!$I$51:$I$52="Կրիտիկական")) -> 1807200 | H22: Միայն կրիտիկական թափուր հաստիքները | K22: Ֆիքս հարկերով × կրիտիկական թափուր
B23: ՀԻՄԱ + ԿՐԻՏԻԿԱԿԱՆ | E23: =$E$21+SUMPRODUCT('Կառուցվածք և աշխատավարձ'!$O$7:$O$16,'Կառուցվածք և աշխատավարձ'!$H$7:$H$16,--('Կառուցվածք և աշխատավարձ'!$I$7:$I$16="Կրիտիկական"))+SUMPRODUCT('Կառուցվածք և աշխատավարձ'!$O$22:$O$35,'Կառուցվածք և աշխատավարձ'!$H$22:$H$35,--('Կառուցվածք և աշխատավարձ'!$I$22:$I$35="Կրիտիկական"))+SUMPRODUCT('Կառուցվածք և աշխատավարձ'!$O$39:$O$42,'Կառուցվածք և աշխատավարձ'!$H$39:$H$42,--('Կառուցվածք և աշխատավարձ'!$I$39:$I$42="Կրիտիկական"))+SUMPRODUCT('Կառուցվածք և աշխատավարձ'!$O$46:$O$47,'Կառուցվածք և աշխատավարձ'!$H$46:$H$47,--('Կառուցվածք և աշխատավարձ'!$I$46:$I$47="Կրիտիկական"))+SUMPRODUCT('Կառուցվածք և աշխատավարձ'!$O$51:$O$52,'Կառուցվածք և աշխատավարձ'!$H$51:$H$52,--('Կառուցվածք և աշխատավարձ'!$I$51:$I$52="Կրիտիկական")) -> 8179200 | H23: Համալրվածները + կրիտիկական թափուրները | K23: Ֆիքս հարկերով × (համալրված + կրիտիկական թափուր)
B24: ԼՐԻՎ ՀԱՄԱԼՐՎԵԼԻՍ | E24: ='Կառուցվածք և աշխատավարձ'!$AA$55 -> 15695333 | H24: Բոլոր հաստիքները, բազային բոնուսով | K24: Բազային սցենար 100–119%
B25: ՀԱՋՈՐԴ ՏԱՐԻ | E25: ='Կառուցվածք և աշխատավարձ'!$AA$55*12 -> 188344000 | H25: Լրիվ համալրված, 12 ամիս | K25: Լրիվ համալրված × 12
B27: ԲԱԺԻՆՆԵՐ
B29: Բաժին | D29: Հաստիք | E29: Համալրված | F29: Թափուր | G29: Լրացված % | H29: Ֆիքս՝ մաքուր | I29: Ֆիքս՝ հարկերով | J29: Բազային՝ մաքուր | K29: Բազային՝ հարկերով | L29: Առավելագույն՝ մաքուր | M29: Առավելագույն՝ հարկերով
B30: Կոմերցիոն (առանց D2D) | D30: ='Կառուցվածք և աշխատավարձ'!$F$18 -> 13 | E30: ='Կառուցվածք և աշխատավարձ'!$G$18 -> 6 | F30: ='Կառուցվածք և աշխատավարձ'!$H$18 -> 7 | G30: ='Կառուցվածք և աշխատավարձ'!$G$18/'Կառուցվածք և աշխատավարձ'!$F$18 -> 0.46153846 | H30: ='Կառուցվածք և աշխատավարձ'!$P$18 -> 1960000 | I30: ='Կառուցվածք և աշխատավարձ'!$Q$18 -> 2721866.7 | J30: ='Կառուցվածք և աշխատավարձ'!$V$18 -> 2646000 | K30: ='Կառուցվածք և աշխատավարձ'!$AA$18 -> 3623733.3 | L30: ='Կառուցվածք և աշխատավարձ'!$W$18 -> 2940000 | M30: ='Կառուցվածք և աշխատավարձ'!$AB$18 -> 4028533.3
B31: D2D գործակալ (առանձին հոդված) | D31: ='Կառուցվածք և աշխատավարձ'!$F$17 -> 6 | E31: ='Կառուցվածք և աշխատավարձ'!$G$17 -> 0 | F31: ='Կառուցվածք և աշխատավարձ'!$H$17 -> 6 | G31: ='Կառուցվածք և աշխատավարձ'!$G$17/'Կառուցվածք և աշխատավարձ'!$F$17 -> 0 | H31: ='Կառուցվածք և աշխատավարձ'!$P$17 -> 420000 | I31: ='Կառուցվածք և աշխատավարձ'!$Q$17 -> 606400 | J31: ='Կառուցվածք և աշխատավարձ'!$V$17 -> 900000 | K31: ='Կառուցվածք և աշխատավարձ'!$AA$17 -> 1246400 | L31: ='Կառուցվածք և աշխատավարձ'!$W$17 -> 996000 | M31: ='Կառուցվածք և աշխատավարձ'!$AB$17 -> 1374400
B32: Տեխնիկական | D32: ='Կառուցվածք և աշխատավարձ'!$F$36 -> 22 | E32: ='Կառուցվածք և աշխատավարձ'!$G$36 -> 13 | F32: ='Կառուցվածք և աշխատավարձ'!$H$36 -> 9 | G32: ='Կառուցվածք և աշխատավարձ'!$G$36/'Կառուցվածք և աշխատավարձ'!$F$36 -> 0.59090909 | H32: ='Կառուցվածք և աշխատավարձ'!$P$36 -> 4010000 | I32: ='Կառուցվածք և աշխատավարձ'!$Q$36 -> 5524800 | J32: ='Կառուցվածք և աշխատավարձ'!$V$36 -> 5413500 | K32: ='Կառուցվածք և աշխատավարձ'!$AA$36 -> 7388133.3 | L32: ='Կառուցվածք և աշխատավարձ'!$W$36 -> 6015000 | M32: ='Կառուցվածք և աշխատավարձ'!$AB$36 -> 8198133.3
B33: Հաճախորդների սպասարկում | D33: ='Կառուցվածք և աշխատավարձ'!$F$43 -> 9 | E33: ='Կառուցվածք և աշխատավարձ'!$G$43 -> 5 | F33: ='Կառուցվածք և աշխատավարձ'!$H$43 -> 4 | G33: ='Կառուցվածք և աշխատավարձ'!$G$43/'Կառուցվածք և աշխատավարձ'!$F$43 -> 0.55555556 | H33: ='Կառուցվածք և աշխատավարձ'!$P$43 -> 1320000 | I33: ='Կառուցվածք և աշխատավարձ'!$Q$43 -> 1837600 | J33: ='Կառուցվածք և աշխատավարձ'!$V$43 -> 1782000 | K33: ='Կառուցվածք և աշխատավարձ'!$AA$43 -> 2453600 | L33: ='Կառուցվածք և աշխատավարձ'!$W$43 -> 1980000 | M33: ='Կառուցվածք և աշխատավարձ'!$AB$43 -> 2717600
B34: Բիլինգ և եկամուտ | D34: ='Կառուցվածք և աշխատավարձ'!$F$48 -> 2 | E34: ='Կառուցվածք և աշխատավարձ'!$G$48 -> 1 | F34: ='Կառուցվածք և աշխատավարձ'!$H$48 -> 1 | G34: ='Կառուցվածք և աշխատավարձ'!$G$48/'Կառուցվածք և աշխատավարձ'!$F$48 -> 0.5 | H34: ='Կառուցվածք և աշխատավարձ'!$P$48 -> 450000 | I34: ='Կառուցվածք և աշխատավարձ'!$Q$48 -> 623466.67 | J34: ='Կառուցվածք և աշխատավարձ'!$V$48 -> 607500 | K34: ='Կառուցվածք և աշխատավարձ'!$AA$48 -> 833466.67 | L34: ='Կառուցվածք և աշխատավարձ'!$W$48 -> 675000 | M34: ='Կառուցվածք և աշխատավարձ'!$AB$48 -> 923466.67
B35: ԱՁ պայմանագրեր (հաստիք չէ) | D35: ='Կառուցվածք և աշխատավարձ'!$F$53 -> 2 | E35: ='Կառուցվածք և աշխատավարձ'!$G$53 -> 0 | F35: ='Կառուցվածք և աշխատավարձ'!$H$53 -> 2 | G35: ='Կառուցվածք և աշխատավարձ'!$G$53/'Կառուցվածք և աշխատավարձ'!$F$53 -> 0 | H35: ='Կառուցվածք և աշխատավարձ'!$P$53 -> 150000 | I35: ='Կառուցվածք և աշխատավարձ'!$Q$53 -> 150000 | J35: ='Կառուցվածք և աշխատավարձ'!$V$53 -> 150000 | K35: ='Կառուցվածք և աշխատավարձ'!$AA$53 -> 150000 | L35: ='Կառուցվածք և աշխատավարձ'!$W$53 -> 150000 | M35: ='Կառուցվածք և աշխատավարձ'!$AB$53 -> 150000
B36: ԸՆԴԱՄԵՆԸ | D36: ='Կառուցվածք և աշխատավարձ'!$F$55 -> 54 | E36: ='Կառուցվածք և աշխատավարձ'!$G$55 -> 25 | F36: ='Կառուցվածք և աշխատավարձ'!$H$55 -> 29 | G36: ='Կառուցվածք և աշխատավարձ'!$G$55/'Կառուցվածք և աշխատավարձ'!$F$55 -> 0.46296296 | H36: ='Կառուցվածք և աշխատավարձ'!$P$55 -> 8310000 | I36: ='Կառուցվածք և աշխատավարձ'!$Q$55 -> 11464133 | J36: ='Կառուցվածք և աշխատավարձ'!$V$55 -> 11499000 | K36: ='Կառուցվածք և աշխատավարձ'!$AA$55 -> 15695333 | L36: ='Կառուցվածք և աշխատավարձ'!$W$55 -> 12756000 | M36: ='Կառուցվածք և աշխատավարձ'!$AB$55 -> 17392133
B38: ՎՃԱՐՄԱՆ ՄՈԴԵԼՆԵՐ
B40: Մոդել | D40: Հաստիք | E40: Ո՞ւմ վրա | G40: Ինչպե՞ս է վճարվում
B41: ='Մոդելներ և պարտադիր վճարներ'!$B$42 -> Ա. Ֆիքս + KPI բոնուս | D41: ='Մոդելներ և պարտադիր վճարներ'!$D$42 -> 46 | E41: ='Մոդելներ և պարտադիր վճարներ'!$C$42 -> Բոլոր պաշտոնները, բացի Բ և Գ-ից | G41: ='Մոդելներ և պարտադիր վճարներ'!$E$42 -> Ֆիքս + (Ֆիքս × բոնուսի աստիճան)։ Աստիճանը՝ KPI-ի կշռված կատարմամբ։
B42: ='Մոդելներ և պարտադիր վճարներ'!$B$43 -> Բ. D2D | D42: ='Մոդելներ և պարտադիր վճարներ'!$D$43 -> 6 | E42: ='Մոդելներ և պարտադիր վճարներ'!$C$43 -> D2D գործակալ | G42: ='Մոդելներ և պարտադիր վճարներ'!$E$43 -> Ֆիքսը՝ միայն պլանի 80%-ը հատելու դեպքում՝ գումարած վաճառած սակագների 100%-ը։ Շեմից ցածր՝ միայն սակագինը։ Առաստաղ չկա։
B43: ='Մոդելներ և պարտադիր վճարներ'!$B$44 -> Գ. ԱՁ / Outsourcing | D43: ='Մոդելներ և պարտադիր վճարներ'!$D$44 -> 2 | E43: ='Մոդելներ և պարտադիր վճարներ'!$C$44 -> Հավաքագրող, Իրավաբան | G43: ='Մոդելներ և պարտադիր վճարներ'!$E$44 -> Միայն հաշիվ-ապրանքագրի գումարը։ Ընկերությունը հարկ չի պահում։
B45: ՊԱՐՏԱԴԻՐ ՎՃԱՐՆԵՐ ԵՎ ՀԱՄԱԼՐՄԱՆ ԱՌԱՋՆԱՀԵՐԹՈՒԹՅՈՒՆ
B47: Եկամտահարկ | D47: Սոցիալական վճար | F47: Դրոշմանիշային | H47: Ապահովագրություն | J47: Զուտից հարկերով գործակից
B48: ='Մոդելներ և պարտադիր վճարներ'!$C$57 -> 0.2 | D48: ='Մոդելներ և պարտադիր վճարներ'!$C$58 -> 0.05 | F48: =TEXT('Մոդելներ և պարտադիր վճարներ'!$D$67,"#,##0")&" – "&TEXT('Մոդելներ և պարտադիր վճարներ'!$D$71,"#,##0") -> 1,000 – 15,000 | H48: =TEXT('Մոդելներ և պարտադիր վճարներ'!$E$69,"#,##0")&" / "&TEXT('Մոդելներ և պարտադիր վճարներ'!$E$71,"#,##0") -> 4,800 / 10,800 | J48: ='Մոդելներ և պարտադիր վճարներ'!$C$59 -> 1.3333333
B50: Կրիտիկական | D50: Կարևոր | F50: Կարող է սպասել | H50: Համալրված | J50: Ընդամենը մարդ
B51: =SUMIFS('Կառուցվածք և աշխատավարձ'!$H$7:$H$47,'Կառուցվածք և աշխատավարձ'!$I$7:$I$47,"Կրիտիկական") -> 13 | D51: =SUMIFS('Կառուցվածք և աշխատավարձ'!$H$7:$H$47,'Կառուցվածք և աշխատավարձ'!$I$7:$I$47,"Կարևոր") -> 6 | F51: =SUMIFS('Կառուցվածք և աշխատավարձ'!$H$7:$H$47,'Կառուցվածք և աշխատավարձ'!$I$7:$I$47,"Կարող է սպասել") -> 8 | H51: ='Կառուցվածք և աշխատավարձ'!$G$55-'Կառուցվածք և աշխատավարձ'!$G$53 -> 25 | J51: =B51+D51+F51+H51 -> 52
B55: ԲՈՆՈՒՍԱՅԻՆ ՄԵԽԱՆԻԿԱ
B57: KPI ՉԱՓՈՒՄՆԵՐ | E57: ԲՈՆՈՒՍԻ ԱՍՏԻՃԱՆՆԵՐ | H57: ԲՈՆՈՒՍԻ ՖՈՆԴ՝ ԲԱԶԱՅԻՆ | K57: ԲՈՆՈՒՍԻ ՖՈՆԴ՝ ԱՌԱՎԵԼԱԳՈՒՅՆ
B58: =COUNTA(KPI!$E$8:$E$107)-COUNTIF(KPI!$E$8:$E$107,"KPI չի կիրառվում") -> 97 | E58: =TEXT('Մոդելներ և պարտադիր վճարներ'!$D$7,"0%")&" / "&TEXT('Մոդելներ և պարտադիր վճարներ'!$D$8,"0%")&" / "&TEXT('Մոդելներ և պարտադիր վճարներ'!$D$9,"0%")&" / "&TEXT('Մոդելներ և պարտադիր վճարներ'!$D$10,"0%")&" / "&TEXT('Մոդելներ և պարտադիր վճարներ'!$D$11,"0%") -> 0% / 15% / 25% / 35% / 50% | H58: ='Կառուցվածք և աշխատավարձ'!$AA$55-'Կառուցվածք և աշխատավարձ'!$Q$55 -> 4231200 | K58: ='Կառուցվածք և աշխատավարձ'!$AB$55-'Կառուցվածք և աշխատավարձ'!$Q$55 -> 5928000
B59: Պաշտոն × ցուցանիշ, կշիռներով | E59: Կատարման 5 միջակայքի բոնուս ֆիքսից | H59: 100–119% սցենար, հարկերով | K59: ≥ 120% սցենար, հարկերով
B61: Մանրամասները՝ «Կառուցվածք և աշխատավարձ» (31 պաշտոն, 52 հաստիք + 2 ԱՁ, 10 սցենար) · «Մոդելներ և պարտադիր վճարներ» (Ա/Բ/Գ մոդելներ, հարկեր, փորձաշրջան) · «KPI» (պաշտոն → ցուցանիշ → կշիռ)

Sheet Կառուցվածք և աշխատավարձ
B2: Բաժինների միասնական կառուցվածք, աշխատավարձային ամփոփում և բոնուսային համակարգի նախագիծ
B4: Բաժին | C4: Խումբ | D4: Հաստիք | E4: Դրույք | F4: Քանակ | G4: Համալրված | H4: Թափուր | I4: Համալրման առաջնահերթություն | J4: Ֆիքսված աշխատավարձ առանց հարկերի | K4: ="Եկամտահարկ՝ "&TEXT('Մոդելներ և պարտադիր վճարներ'!$C$57,"0%") -> Եկամտահարկ՝ 20% | L4: ="Սոցիալական վճար՝ "&TEXT('Մոդելներ և պարտադիր վճարներ'!$C$58,"0%") -> Սոցիալական վճար՝ 5% | M4: ="Դրոշմանիշային վճար՝ "&TEXT('Մոդելներ և պարտադիր վճարներ'!$D$67,"#,##0")&"–"&TEXT('Մոդելներ և պարտադիր վճարներ'!$D$71,"#,##0")&" (ըստ սանդղակի)" -> Դրոշմանիշային վճար՝ 1,000–15,000 (ըստ սանդղակի) | N4: ="Առողջության ապահովագրություն՝ "&TEXT('Մոդելներ և պարտադիր վճարներ'!$E$69,"#,##0")&" / "&TEXT('Մոդելներ և պարտադիր վճարներ'!$E$71,"#,##0")&" (ըստ սանդղակի)" -> Առողջության ապահովագրություն՝ 4,800 / 10,800 (ըստ սանդղակի) | O4: ="Ֆիքսված աշխատավարձ հարկերը ներառյալ (× "&TEXT('Մոդելներ և պարտադիր վճարներ'!$C$59,"0.0000")&")" -> Ֆիքսված աշխատավարձ հարկերը ներառյալ (× 1.3333) | P4: Ֆիքսված աշխատավարձ առանց հարկերի ըստ հաստիքների քանակի | Q4: Ֆիքսված աշխատավարձ հարկերը ներառյալ ըստ հաստիքների քանակի | R4: Վճարման մոդել | S4: ="Ընդամենը մաքուր՝ < 80% (բոնուս +"&TEXT('Մոդելներ և պարտադիր վճարներ'!$D$7,"0%")&")" -> Ընդամենը մաքուր՝ < 80% (բոնուս +0%) | T4: ="Ընդամենը մաքուր՝ 80–89% (բոնուս +"&TEXT('Մոդելներ և պարտադիր վճարներ'!$D$8,"0%")&")" -> Ընդամենը մաքուր՝ 80–89% (բոնուս +15%) | U4: ="Ընդամենը մաքուր՝ 90–99% (բոնուս +"&TEXT('Մոդելներ և պարտադիր վճարներ'!$D$9,"0%")&")" -> Ընդամենը մաքուր՝ 90–99% (բոնուս +25%) | V4: ="Ընդամենը մաքուր՝ 100–119% (բոնուս +"&TEXT('Մոդելներ և պարտադիր վճարներ'!$D$10,"0%")&")" -> Ընդամենը մաքուր՝ 100–119% (բոնուս +35%) | W4: ="Ընդամենը մաքուր՝ ≥ 120% (բոնուս +"&TEXT('Մոդելներ և պարտադիր վճարներ'!$D$11,"0%")&")" -> Ընդամենը մաքուր՝ ≥ 120% (բոնուս +50%) | X4: ="Ընդամենը հարկերով՝ < 80% (բոնուս +"&TEXT('Մոդելներ և պարտադիր վճարներ'!$D$7,"0%")&")" -> Ընդամենը հարկերով՝ < 80% (բոնուս +0%) | Y4: ="Ընդամենը հարկերով՝ 80–89% (բոնուս +"&TEXT('Մոդելներ և պարտադիր վճարներ'!$D$8,"0%")&")" -> Ընդամենը հարկերով՝ 80–89% (բոնուս +15%) | Z4: ="Ընդամենը հարկերով՝ 90–99% (բոնուս +"&TEXT('Մոդելներ և պարտադիր վճարներ'!$D$9,"0%")&")" -> Ընդամենը հարկերով՝ 90–99% (բոնուս +25%) | AA4: ="Ընդամենը հարկերով՝ 100–119% (բոնուս +"&TEXT('Մոդելներ և պարտադիր վճարներ'!$D$10,"0%")&")" -> Ընդամենը հարկերով՝ 100–119% (բոնուս +35%) | AB4: ="Ընդամենը հարկերով՝ ≥ 120% (բոնուս +"&TEXT('Մոդելներ և պարտադիր վճարներ'!$D$11,"0%")&")" -> Ընդամենը հարկերով՝ ≥ 120% (բոնուս +50%) | AC4: Բոնուսի կանոն | AD4: Անմիջական ղեկավար
B6: ԿՈՄԵՐՑԻՈՆ
B7: Կոմերցիոն | C7: Վաճառք | D7: Վաճառքի ղեկավար | E7: 1 | F7: 1 | G7: 1 | H7: =$F7-$G7 -> 0 | I7: Համալրված | J7: 350000 | K7: =IF(COUNTIFS('Մոդելներ և պարտադիր վճարներ'!$B$35:$B$37,$D7,'Մոդելներ և պարտադիր վճարներ'!$C$35:$C$37,"ԱՁ")>0,0,$O7*'Մոդելներ և պարտադիր վճարներ'!$C$57) -> 96480 | L7: =IF(COUNTIFS('Մոդելներ և պարտադիր վճարներ'!$B$35:$B$37,$D7,'Մոդելներ և պարտադիր վճարներ'!$C$35:$C$37,"ԱՁ")>0,0,$O7*'Մոդելներ և պարտադիր վճարներ'!$C$58) -> 24120 | M7: =IF(COUNTIFS('Մոդելներ և պարտադիր վճարներ'!$B$35:$B$37,$D7,'Մոդելներ և պարտադիր վճարներ'!$C$35:$C$37,"ԱՁ")>0,0,INDEX('Մոդելներ և պարտադիր վճարներ'!$D$67:$D$71,IFERROR(MATCH(IFERROR(INDEX('Մոդելներ և պարտադիր վճարներ'!$D$35:$D$37,MATCH($D7,'Մոդելներ և պարտադիր վճարներ'!$B$35:$B$37,0)),$J7*(1+'Մոդելներ և պարտադիր վճարներ'!$C$60)),'Մոդելներ և պարտադիր վճարներ'!$F$67:$F$71,1)+1,1))) -> 1000 | N7: =IF(COUNTIFS('Մոդելներ և պարտադիր վճարներ'!$B$35:$B$37,$D7,'Մոդելներ և պարտադիր վճարներ'!$C$35:$C$37,"ԱՁ")>0,0,INDEX('Մոդելներ և պարտադիր վճարներ'!$E$67:$E$71,IFERROR(MATCH(IFERROR(INDEX('Մոդելներ և պարտադիր վճարներ'!$D$35:$D$37,MATCH($D7,'Մոդելներ և պարտադիր վճարներ'!$B$35:$B$37,0)),$J7*(1+'Մոդելներ և պարտադիր վճարներ'!$C$60)),'Մոդելներ և պարտադիր վճարներ'!$F$67:$F$71,1)+1,1))) -> 10800 | O7: =IF(COUNTIFS('Մոդելներ և պարտադիր վճարներ'!$B$35:$B$37,$D7,'Մոդելներ և պարտադիր վճարներ'!$C$35:$C$37,"ԱՁ")>0,$J7,($J7+$M7+$N7)*'Մոդելներ և պարտադիր վճարներ'!$C$59) -> 482400 | P7: =F7*$J7 -> 350000 | Q7: =O7*F7 -> 482400 | R7: =IF(COUNTIFS('Մոդելներ և պարտադիր վճարներ'!$B$35:$B$37,$D7,'Մոդելներ և պարտադիր վճարներ'!$C$35:$C$37,"ԱՁ")>0,"Գ. ԱՁ",IF(COUNTIFS('Մոդելներ և պարտադիր վճարներ'!$B$35:$B$37,$D7,'Մոդելներ և պարտադիր վճարներ'!$C$35:$C$37,"D2D")>0,"Բ. D2D","Ա. Ֆիքս + KPI բոնուս")) -> Ա. Ֆիքս + KPI բոնուս | S7: =IF(COUNTIFS('Մոդելներ և պարտադիր վճարներ'!$B$35:$B$37,$D7,'Մոդելներ և պարտադիր վճարներ'!$C$35:$C$37,"ԱՁ")>0,$J7,IF(COUNTIFS('Մոդելներ և պարտադիր վճարներ'!$B$35:$B$37,$D7,'Մոդելներ և պարտադիր վճարներ'!$C$35:$C$37,"D2D")>0,'Մոդելներ և պարտադիր վճարներ'!$G$26,$J7*(1+'Մոդելներ և պարտադիր վճարներ'!$D$7))) -> 350000 | T7: =IF(COUNTIFS('Մոդելներ և պարտադիր վճարներ'!$B$35:$B$37,$D7,'Մոդելներ և պարտադիր վճարներ'!$C$35:$C$37,"ԱՁ")>0,$J7,IF(COUNTIFS('Մոդելներ և պարտադիր վճարներ'!$B$35:$B$37,$D7,'Մոդելներ և պարտադիր վճարներ'!$C$35:$C$37,"D2D")>0,'Մոդելներ և պարտադիր վճարներ'!$G$27,$J7*(1+'Մոդելներ և պարտադիր վճարներ'!$D$8))) -> 402500 | U7: =IF(COUNTIFS('Մոդելներ և պարտադիր վճարներ'!$B$35:$B$37,$D7,'Մոդելներ և պարտադիր վճարներ'!$C$35:$C$37,"ԱՁ")>0,$J7,IF(COUNTIFS('Մոդելներ և պարտադիր վճարներ'!$B$35:$B$37,$D7,'Մոդելներ և պարտադիր վճարներ'!$C$35:$C$37,"D2D")>0,'Մոդելներ և պարտադիր վճարներ'!$G$28,$J7*(1+'Մոդելներ և պարտադիր վճարներ'!$D$9))) -> 437500 | V7: =IF(COUNTIFS('Մոդելներ և պարտադիր վճարներ'!$B$35:$B$37,$D7,'Մոդելներ և պարտադիր վճարներ'!$C$35:$C$37,"ԱՁ")>0,$J7,IF(COUNTIFS('Մոդելներ և պարտադիր վճարներ'!$B$35:$B$37,$D7,'Մոդելներ և պարտադիր վճարներ'!$C$35:$C$37,"D2D")>0,'Մոդելներ և պարտադիր վճարներ'!$G$29,$J7*(1+'Մոդելներ և պարտադիր վճարներ'!$D$10))) -> 472500 | W7: =IF(COUNTIFS('Մոդելներ և պարտադիր վճարներ'!$B$35:$B$37,$D7,'Մոդելներ և պարտադիր վճարներ'!$C$35:$C$37,"ԱՁ")>0,$J7,IF(COUNTIFS('Մոդելներ և պարտադիր վճարներ'!$B$35:$B$37,$D7,'Մոդելներ և պարտադիր վճարներ'!$C$35:$C$37,"D2D")>0,'Մոդելներ և պարտադիր վճարներ'!$G$30,$J7*(1+'Մոդելներ և պարտադիր վճարներ'!$D$11))) -> 525000 | X7: =IF(COUNTIFS('Մոդելներ և պարտադիր վճարներ'!$B$35:$B$37,$D7,'Մոդելներ և պարտադիր վճարներ'!$C$35:$C$37,"ԱՁ")>0,$J7,($S7+INDEX('Մոդելներ և պարտադիր վճարներ'!$D$67:$D$71,IFERROR(MATCH($S7,'Մոդելներ և պարտադիր վճարներ'!$F$67:$F$71,1)+1,1))+INDEX('Մոդելներ և պարտադիր վճարներ'!$E$67:$E$71,IFERROR(MATCH($S7,'Մոդելներ և պարտադիր վճարներ'!$F$67:$F$71,1)+1,1)))*'Մոդելներ և պարտադիր վճարներ'!$C$59) -> 474400 | Y7: =IF(COUNTIFS('Մոդելներ և պարտադիր վճարներ'!$B$35:$B$37,$D7,'Մոդելներ և պարտադիր վճարներ'!$C$35:$C$37,"ԱՁ")>0,$J7,($T7+INDEX('Մոդելներ և պարտադիր վճարներ'!$D$67:$D$71,IFERROR(MATCH($T7,'Մոդելներ և պարտադիր վճարներ'!$F$67:$F$71,1)+1,1))+INDEX('Մոդելներ և պարտադիր վճարներ'!$E$67:$E$71,IFERROR(MATCH($T7,'Մոդելներ և պարտադիր վճարներ'!$F$67:$F$71,1)+1,1)))*'Մոդելներ և պարտադիր վճարներ'!$C$59) -> 552400 | Z7: =IF(COUNTIFS('Մոդելներ և պարտադիր վճարներ'!$B$35:$B$37,$D7,'Մոդելներ և պարտադիր վճարներ'!$C$35:$C$37,"ԱՁ")>0,$J7,($U7+INDEX('Մոդելներ և պարտադիր վճարներ'!$D$67:$D$71,IFERROR(MATCH($U7,'Մոդելներ և պարտադիր վճարներ'!$F$67:$F$71,1)+1,1))+INDEX('Մոդելներ և պարտադիր վճարներ'!$E$67:$E$71,IFERROR(MATCH($U7,'Մոդելներ և պարտադիր վճարներ'!$F$67:$F$71,1)+1,1)))*'Մոդելներ և պարտադիր վճարներ'!$C$59) -> 599066.67 | AA7: =IF(COUNTIFS('Մոդելներ և պարտադիր վճարներ'!$B$35:$B$37,$D7,'Մոդելներ և պարտադիր վճարներ'!$C$35:$C$37,"ԱՁ")>0,$J7,($V7+INDEX('Մոդելներ և պարտադիր վճարներ'!$D$67:$D$71,IFERROR(MATCH($V7,'Մոդելներ և պարտադիր վճարներ'!$F$67:$F$71,1)+1,1))+INDEX('Մոդելներ և պարտադիր վճարներ'!$E$67:$E$71,IFERROR(MATCH($V7,'Մոդելներ և պարտադիր վճարներ'!$F$67:$F$71,1)+1,1)))*'Մոդելներ և պարտադիր վճարներ'!$C$59) -> 645733.33 | AB7: =IF(COUNTIFS('Մոդելներ և պարտադիր վճարներ'!$B$35:$B$37,$D7,'Մոդելներ և պարտադիր վճարներ'!$C$35:$C$37,"ԱՁ")>0,$J7,($W7+INDEX('Մոդելներ և պարտադիր վճարներ'!$D$67:$D$71,IFERROR(MATCH($W7,'Մոդելներ և պարտադիր վճարներ'!$F$67:$F$71,1)+1,1))+INDEX('Մոդելներ և պարտադիր վճարներ'!$E$67:$E$71,IFERROR(MATCH($W7,'Մոդելներ և պարտադիր վճարներ'!$F$67:$F$71,1)+1,1)))*'Մոդելներ և պարտադիր վճարներ'!$C$59) -> 715733.33 | AC7: =IF(COUNTIFS('Մոդելներ և պարտադիր վճարներ'!$B$35:$B$37,$D7,'Մոդելներ և պարտադիր վճարներ'!$C$35:$C$37,"ԱՁ")>0,"Աստիճաններ չեն կիրառվում — հաշիվ-ապրանքագիր",IF(COUNTIFS('Մոդելներ և պարտադիր վճարներ'!$B$35:$B$37,$D7,'Մոդելներ և պարտադիր վճարներ'!$C$35:$C$37,"D2D")>0,"Աստիճաններ չեն կիրառվում — տես D2D բաժինը","Ֆիքս × (1 + աստիճանի %)")) -> Ֆիքս × (1 + աստիճանի %) | AD7: Վաճառքի և գործառնական ղեկավար
B8: Կոմերցիոն | C8: Վաճառք | D8: Վաճառքի և սպասարկման ավագ մասնագետ | E8: 1 | F8: 3 | G8: 3 | H8: =$F8-$G8 -> 0 | I8: Համալրված | J8: 150000 | K8: =IF(COUNTIFS('Մոդելներ և պարտադիր վճարներ'!$B$35:$B$37,$D8,'Մոդելներ և պարտադիր վճարներ'!$C$35:$C$37,"ԱՁ")>0,0,$O8*'Մոդելներ և պարտադիր վճարներ'!$C$57) -> 41546.667 | L8: =IF(COUNTIFS('Մոդելներ և պարտադիր վճարներ'!$B$35:$B$37,$D8,'Մոդելներ և պարտադիր վճարներ'!$C$35:$C$37,"ԱՁ")>0,0,$O8*'Մոդելներ և պարտադիր վճարներ'!$C$58) -> 10386.667 | M8: =IF(COUNTIFS('Մոդելներ և պարտադիր վճարներ'!$B$35:$B$37,$D8,'Մոդելներ և պարտադիր վճարներ'!$C$35:$C$37,"ԱՁ")>0,0,INDEX('Մոդելներ և պարտադիր վճարներ'!$D$67:$D$71,IFERROR(MATCH(IFERROR(INDEX('Մոդելներ և պարտադիր վճարներ'!$D$35:$D$37,MATCH($D8,'Մոդելներ և պարտադիր վճարներ'!$B$35:$B$37,0)),$J8*(1+'Մոդելներ և պարտադիր վճարներ'!$C$60)),'Մոդելներ և պարտադիր վճարներ'!$F$67:$F$71,1)+1,1))) -> 1000 | N8: =IF(COUNTIFS('Մոդելներ և պարտադիր վճարներ'!$B$35:$B$37,$D8,'Մոդելներ և պարտադիր վճարներ'!$C$35:$C$37,"ԱՁ")>0,0,INDEX('Մոդելներ և պարտադիր վճարներ'!$E$67:$E$71,IFERROR(MATCH(IFERROR(INDEX('Մոդելներ և պարտադիր վճարներ'!$D$35:$D$37,MATCH($D8,'Մոդելներ և պարտադիր վճարներ'!$B$35:$B$37,0)),$J8*(1+'Մոդելներ և պարտադիր վճարներ'!$C$60)),'Մոդելներ և պարտադիր վճարներ'!$F$67:$F$71,1)+1,1))) -> 4800 | O8: =IF(COUNTIFS('Մոդելներ և պարտադիր վճարներ'!$B$35:$B$37,$D8,'Մոդելներ և պարտադիր վճարներ'!$C$35:$C$37,"ԱՁ")>0,$J8,($J8+$M8+$N8)*'Մոդելներ և պարտադիր վճարներ'!$C$59) -> 207733.33 | P8: =F8*$J8 -> 450000 | Q8: =O8*F8 -> 623200 | R8: =IF(COUNTIFS('Մոդելներ և պարտադիր վճարներ'!$B$35:$B$37,$D8,'Մոդելներ և պարտադիր վճարներ'!$C$35:$C$37,"ԱՁ")>0,"Գ. ԱՁ",IF(COUNTIFS('Մոդելներ և պարտադիր վճարներ'!$B$35:$B$37,$D8,'Մոդելներ և պարտադիր վճարներ'!$C$35:$C$37,"D2D")>0,"Բ. D2D","Ա. Ֆիքս + KPI բոնուս")) -> Ա. Ֆիքս + KPI բոնուս | S8: =IF(COUNTIFS('Մոդելներ և պարտադիր վճարներ'!$B$35:$B$37,$D8,'Մոդելներ և պարտադիր վճարներ'!$C$35:$C$37,"ԱՁ")>0,$J8,IF(COUNTIFS('Մոդելներ և պարտադիր վճարներ'!$B$35:$B$37,$D8,'Մոդելներ և պարտադիր վճարներ'!$C$35:$C$37,"D2D")>0,'Մոդելներ և պարտադիր վճարներ'!$G$26,$J8*(1+'Մոդելներ և պարտադիր վճարներ'!$D$7))) -> 150000 | T8: =IF(COUNTIFS('Մոդելներ և պարտադիր վճարներ'!$B$35:$B$37,$D8,'Մոդելներ և պարտադիր վճարներ'!$C$35:$C$37,"ԱՁ")>0,$J8,IF(COUNTIFS('Մոդելներ և պարտադիր վճարներ'!$B$35:$B$37,$D8,'Մոդելներ և պարտադիր վճարներ'!$C$35:$C$37,"D2D")>0,'Մոդելներ և պարտադիր վճարներ'!$G$27,$J8*(1+'Մոդելներ և պարտադիր վճարներ'!$D$8))) -> 172500 | U8: =IF(COUNTIFS('Մոդելներ և պարտադիր վճարներ'!$B$35:$B$37,$D8,'Մոդելներ և պարտադիր վճարներ'!$C$35:$C$37,"ԱՁ")>0,$J8,IF(COUNTIFS('Մոդելներ և պարտադիր վճարներ'!$B$35:$B$37,$D8,'Մոդելներ և պարտադիր վճարներ'!$C$35:$C$37,"D2D")>0,'Մոդելներ և պարտադիր վճարներ'!$G$28,$J8*(1+'Մոդելներ և պարտադիր վճարներ'!$D$9))) -> 187500 | V8: =IF(COUNTIFS('Մոդելներ և պարտադիր վճարներ'!$B$35:$B$37,$D8,'Մոդելներ և պարտադիր վճարներ'!$C$35:$C$37,"ԱՁ")>0,$J8,IF(COUNTIFS('Մոդելներ և պարտադիր վճարներ'!$B$35:$B$37,$D8,'Մոդելներ և պարտադիր վճարներ'!$C$35:$C$37,"D2D")>0,'Մոդելներ և պարտադիր վճարներ'!$G$29,$J8*(1+'Մոդելներ և պարտադիր վճարներ'!$D$10))) -> 202500 | W8: =IF(COUNTIFS('Մոդելներ և պարտադիր վճարներ'!$B$35:$B$37,$D8,'Մոդելներ և պարտադիր վճարներ'!$C$35:$C$37,"ԱՁ")>0,$J8,IF(COUNTIFS('Մոդելներ և պարտադիր վճարներ'!$B$35:$B$37,$D8,'Մոդելներ և պարտադիր վճարներ'!$C$35:$C$37,"D2D")>0,'Մոդելներ և պարտադիր վճարներ'!$G$30,$J8*(1+'Մոդելներ և պարտադիր վճարներ'!$D$11))) -> 225000 | X8: =IF(COUNTIFS('Մոդելներ և պարտադիր վճարներ'!$B$35:$B$37,$D8,'Մոդելներ և պարտադիր վճարներ'!$C$35:$C$37,"ԱՁ")>0,$J8,($S8+INDEX('Մոդելներ և պարտադիր վճարներ'!$D$67:$D$71,IFERROR(MATCH($S8,'Մոդելներ և պարտադիր վճարներ'!$F$67:$F$71,1)+1,1))+INDEX('Մոդելներ և պարտադիր վճարներ'!$E$67:$E$71,IFERROR(MATCH($S8,'Մոդելներ և պարտադիր վճարներ'!$F$67:$F$71,1)+1,1)))*'Մոդելներ և պարտադիր վճարներ'!$C$59) -> 207733.33 | Y8: =IF(COUNTIFS('Մոդելներ և պարտադիր վճարներ'!$B$35:$B$37,$D8,'Մոդելներ և պարտադիր վճարներ'!$C$35:$C$37,"ԱՁ")>0,$J8,($T8+INDEX('Մոդելներ և պարտադիր վճարներ'!$D$67:$D$71,IFERROR(MATCH($T8,'Մոդելներ և պարտադիր վճարներ'!$F$67:$F$71,1)+1,1))+INDEX('Մոդելներ և պարտադիր վճարներ'!$E$67:$E$71,IFERROR(MATCH($T8,'Մոդելներ և պարտադիր վճարներ'!$F$67:$F$71,1)+1,1)))*'Մոդելներ և պարտադիր վճարներ'!$C$59) -> 237733.33 | Z8: =IF(COUNTIFS('Մոդելներ և պարտադիր վճարներ'!$B$35:$B$37,$D8,'Մոդելներ և պարտադիր վճարներ'!$C$35:$C$37,"ԱՁ")>0,$J8,($U8+INDEX('Մոդելներ և պարտադիր վճարներ'!$D$67:$D$71,IFERROR(MATCH($U8,'Մոդելներ և պարտադիր վճարներ'!$F$67:$F$71,1)+1,1))+INDEX('Մոդելներ և պարտադիր վճարներ'!$E$67:$E$71,IFERROR(MATCH($U8,'Մոդելներ և պարտադիր վճարներ'!$F$67:$F$71,1)+1,1)))*'Մոդելներ և պարտադիր վճարներ'!$C$59) -> 257733.33 | AA8: =IF(COUNTIFS('Մոդելներ և պարտադիր վճարներ'!$B$35:$B$37,$D8,'Մոդելներ և պարտադիր վճարներ'!$C$35:$C$37,"ԱՁ")>0,$J8,($V8+INDEX('Մոդելներ և պարտադիր վճարներ'!$D$67:$D$71,IFERROR(MATCH($V8,'Մոդելներ և պարտադիր վճարներ'!$F$67:$F$71,1)+1,1))+INDEX('Մոդելներ և պարտադիր վճարներ'!$E$67:$E$71,IFERROR(MATCH($V8,'Մոդելներ և պարտադիր վճարներ'!$F$67:$F$71,1)+1,1)))*'Մոդելներ և պարտադիր վճարներ'!$C$59) -> 277733.33 | AB8: =IF(COUNTIFS('Մոդելներ և պարտադիր վճարներ'!$B$35:$B$37,$D8,'Մոդելներ և պարտադիր վճարներ'!$C$35:$C$37,"ԱՁ")>0,$J8,($W8+INDEX('Մոդելներ և պարտադիր վճարներ'!$D$67:$D$71,IFERROR(MATCH($W8,'Մոդելներ և պարտադիր վճարներ'!$F$67:$F$71,1)+1,1))+INDEX('Մոդելներ և պարտադիր վճարներ'!$E$67:$E$71,IFERROR(MATCH($W8,'Մոդելներ և պարտադիր վճարներ'!$F$67:$F$71,1)+1,1)))*'Մոդելներ և պարտադիր վճարներ'!$C$59) -> 307733.33 | AC8: =IF(COUNTIFS('Մոդելներ և պարտադիր վճարներ'!$B$35:$B$37,$D8,'Մոդելներ և պարտադիր վճարներ'!$C$35:$C$37,"ԱՁ")>0,"Աստիճաններ չեն կիրառվում — հաշիվ-ապրանքագիր",IF(COUNTIFS('Մոդելներ և պարտադիր վճարներ'!$B$35:$B$37,$D8,'Մոդելներ և պարտադիր վճարներ'!$C$35:$C$37,"D2D")>0,"Աստիճաններ չեն կիրառվում — տես D2D բաժինը","Ֆիքս × (1 + աստիճանի %)")) -> Ֆիքս × (1 + աստիճանի %) | AD8: Վաճառքի ղեկավար
B9: Կոմերցիոն | C9: Վաճառք | D9: Վաճառքի մասնագետ | E9: 1 | F9: 3 | G9: 0 | H9: =$F9-$G9 -> 3 | I9: Կրիտիկական | J9: 120000 | K9: =IF(COUNTIFS('Մոդելներ և պարտադիր վճարներ'!$B$35:$B$37,$D9,'Մոդելներ և պարտադիր վճարներ'!$C$35:$C$37,"ԱՁ")>0,0,$O9*'Մոդելներ և պարտադիր վճարներ'!$C$57) -> 33546.667 | L9: =IF(COUNTIFS('Մոդելներ և պարտադիր վճարներ'!$B$35:$B$37,$D9,'Մոդելներ և պարտադիր վճարներ'!$C$35:$C$37,"ԱՁ")>0,0,$O9*'Մոդելներ և պարտադիր վճարներ'!$C$58) -> 8386.6667 | M9: =IF(COUNTIFS('Մոդելներ և պարտադիր վճարներ'!$B$35:$B$37,$D9,'Մոդելներ և պարտադիր վճարներ'!$C$35:$C$37,"ԱՁ")>0,0,INDEX('Մոդելներ և պարտադիր վճարներ'!$D$67:$D$71,IFERROR(MATCH(IFERROR(INDEX('Մոդելներ և պարտադիր վճարներ'!$D$35:$D$37,MATCH($D9,'Մոդելներ և պարտադիր վճարներ'!$B$35:$B$37,0)),$J9*(1+'Մոդելներ և պարտադիր վճարներ'!$C$60)),'Մոդելներ և պարտադիր վճարներ'!$F$67:$F$71,1)+1,1))) -> 1000 | N9: =IF(COUNTIFS('Մոդելներ և պարտադիր վճարներ'!$B$35:$B$37,$D9,'Մոդելներ և պարտադիր վճարներ'!$C$35:$C$37,"ԱՁ")>0,0,INDEX('Մոդելներ և պարտադիր վճարներ'!$E$67:$E$71,IFERROR(MATCH(IFERROR(INDEX('Մոդելներ և պարտադիր վճարներ'!$D$35:$D$37,MATCH($D9,'Մոդելներ և պարտադիր վճարներ'!$B$35:$B$37,0)),$J9*(1+'Մոդելներ և պարտադիր վճարներ'!$C$60)),'Մոդելներ և պարտադիր վճարներ'!$F$67:$F$71,1)+1,1))) -> 4800 | O9: =IF(COUNTIFS('Մոդելներ և պարտադիր վճարներ'!$B$35:$B$37,$D9,'Մոդելներ և պարտադիր վճարներ'!$C$35:$C$37,"ԱՁ")>0,$J9,($J9+$M9+$N9)*'Մոդելներ և պարտադիր վճարներ'!$C$59) -> 167733.33 | P9: =F9*$J9 -> 360000 | Q9: =O9*F9 -> 503200 | R9: =IF(COUNTIFS('Մոդելներ և պարտադիր վճարներ'!$B$35:$B$37,$D9,'Մոդելներ և պարտադիր վճարներ'!$C$35:$C$37,"ԱՁ")>0,"Գ. ԱՁ",IF(COUNTIFS('Մոդելներ և պարտադիր վճարներ'!$B$35:$B$37,$D9,'Մոդելներ և պարտադիր վճարներ'!$C$35:$C$37,"D2D")>0,"Բ. D2D","Ա. Ֆիքս + KPI բոնուս")) -> Ա. Ֆիքս + KPI բոնուս | S9: =IF(COUNTIFS('Մոդելներ և պարտադիր վճարներ'!$B$35:$B$37,$D9,'Մոդելներ և պարտադիր վճարներ'!$C$35:$C$37,"ԱՁ")>0,$J9,IF(COUNTIFS('Մոդելներ և պարտադիր վճարներ'!$B$35:$B$37,$D9,'Մոդելներ և պարտադիր վճարներ'!$C$35:$C$37,"D2D")>0,'Մոդելներ և պարտադիր վճարներ'!$G$26,$J9*(1+'Մոդելներ և պարտադիր վճարներ'!$D$7))) -> 120000 | T9: =IF(COUNTIFS('Մոդելներ և պարտադիր վճարներ'!$B$35:$B$37,$D9,'Մոդելներ և պարտադիր վճարներ'!$C$35:$C$37,"ԱՁ")>0,$J9,IF(COUNTIFS('Մոդելներ և պարտադիր վճարներ'!$B$35:$B$37,$D9,'Մոդելներ և պարտադիր վճարներ'!$C$35:$C$37,"D2D")>0,'Մոդելներ և պարտադիր վճարներ'!$G$27,$J9*(1+'Մոդելներ և պարտադիր վճարներ'!$D$8))) -> 138000 | U9: =IF(COUNTIFS('Մոդելներ և պարտադիր վճարներ'!$B$35:$B$37,$D9,'Մոդելներ և պարտադիր վճարներ'!$C$35:$C$37,"ԱՁ")>0,$J9,IF(COUNTIFS('Մոդելներ և պարտադիր վճարներ'!$B$35:$B$37,$D9,'Մոդելներ և պարտադիր վճարներ'!$C$35:$C$37,"D2D")>0,'Մոդելներ և պարտադիր վճարներ'!$G$28,$J9*(1+'Մոդելներ և պարտադիր վճարներ'!$D$9))) -> 150000 | V9: =IF(COUNTIFS('Մոդելներ և պարտադիր վճարներ'!$B$35:$B$37,$D9,'Մոդելներ և պարտադիր վճարներ'!$C$35:$C$37,"ԱՁ")>0,$J9,IF(COUNTIFS('Մոդելներ և պարտադիր վճարներ'!$B$35:$B$37,$D9,'Մոդելներ և պարտադիր վճարներ'!$C$35:$C$37,"D2D")>0,'Մոդելներ և պարտադիր վճարներ'!$G$29,$J9*(1+'Մոդելներ և պարտադիր վճարներ'!$D$10))) -> 162000 | W9: =IF(COUNTIFS('Մոդելներ և պարտադիր վճարներ'!$B$35:$B$37,$D9,'Մոդելներ և պարտադիր վճարներ'!$C$35:$C$37,"ԱՁ")>0,$J9,IF(COUNTIFS('Մոդելներ և պարտադիր վճարներ'!$B$35:$B$37,$D9,'Մոդելներ և պարտադիր վճարներ'!$C$35:$C$37,"D2D")>0,'Մոդելներ և պարտադիր վճարներ'!$G$30,$J9*(1+'Մոդելներ և պարտադիր վճարներ'!$D$11))) -> 180000 | X9: =IF(COUNTIFS('Մոդելներ և պարտադիր վճարներ'!$B$35:$B$37,$D9,'Մոդելներ և պարտադիր վճարներ'!$C$35:$C$37,"ԱՁ")>0,$J9,($S9+INDEX('Մոդելներ և պարտադիր վճարներ'!$D$67:$D$71,IFERROR(MATCH($S9,'Մոդելներ և պարտադիր վճարներ'!$F$67:$F$71,1)+1,1))+INDEX('Մոդելներ և պարտադիր վճարներ'!$E$67:$E$71,IFERROR(MATCH($S9,'Մոդելներ և պարտադիր վճարներ'!$F$67:$F$71,1)+1,1)))*'Մոդելներ և պարտադիր վճարներ'!$C$59) -> 161333.33 | Y9: =IF(COUNTIFS('Մոդելներ և պարտադիր վճարներ'!$B$35:$B$37,$D9,'Մոդելներ և պարտադիր վճարներ'!$C$35:$C$37,"ԱՁ")>0,$J9,($T9+INDEX('Մոդելներ և պարտադիր վճարներ'!$D$67:$D$71,IFERROR(MATCH($T9,'Մոդելներ և պարտադիր վճարներ'!$F$67:$F$71,1)+1,1))+INDEX('Մոդելներ և պարտադիր վճարներ'!$E$67:$E$71,IFERROR(MATCH($T9,'Մոդելներ և պարտադիր վճարներ'!$F$67:$F$71,1)+1,1)))*'Մոդելներ և պարտադիր վճարներ'!$C$59) -> 185333.33 | Z9: =IF(COUNTIFS('Մոդելներ և պարտադիր վճարներ'!$B$35:$B$37,$D9,'Մոդելներ և պարտադիր վճարներ'!$C$35:$C$37,"ԱՁ")>0,$J9,($U9+INDEX('Մոդելներ և պարտադիր վճարներ'!$D$67:$D$71,IFERROR(MATCH($U9,'Մոդելներ և պարտադիր վճարներ'!$F$67:$F$71,1)+1,1))+INDEX('Մոդելներ և պարտադիր վճարներ'!$E$67:$E$71,IFERROR(MATCH($U9,'Մոդելներ և պարտադիր վճարներ'!$F$67:$F$71,1)+1,1)))*'Մոդելներ և պարտադիր վճարներ'!$C$59) -> 207733.33 | AA9: =IF(COUNTIFS('Մոդելներ և պարտադիր վճարներ'!$B$35:$B$37,$D9,'Մոդելներ և պարտադիր վճարներ'!$C$35:$C$37,"ԱՁ")>0,$J9,($V9+INDEX('Մոդելներ և պարտադիր վճարներ'!$D$67:$D$71,IFERROR(MATCH($V9,'Մոդելներ և պարտադիր վճարներ'!$F$67:$F$71,1)+1,1))+INDEX('Մոդելներ և պարտադիր վճարներ'!$E$67:$E$71,IFERROR(MATCH($V9,'Մոդելներ և պարտադիր վճարներ'!$F$67:$F$71,1)+1,1)))*'Մոդելներ և պարտադիր վճարներ'!$C$59) -> 223733.33 | AB9: =IF(COUNTIFS('Մոդելներ և պարտադիր վճարներ'!$B$35:$B$37,$D9,'Մոդելներ և պարտադիր վճարներ'!$C$35:$C$37,"ԱՁ")>0,$J9,($W9+INDEX('Մոդելներ և պարտադիր վճարներ'!$D$67:$D$71,IFERROR(MATCH($W9,'Մոդելներ և պարտադիր վճարներ'!$F$67:$F$71,1)+1,1))+INDEX('Մոդելներ և պարտադիր վճարներ'!$E$67:$E$71,IFERROR(MATCH($W9,'Մոդելներ և պարտադիր վճարներ'!$F$67:$F$71,1)+1,1)))*'Մոդելներ և պարտադիր վճարներ'!$C$59) -> 247733.33 | AC9: =IF(COUNTIFS('Մոդելներ և պարտադիր վճարներ'!$B$35:$B$37,$D9,'Մոդելներ և պարտադիր վճարներ'!$C$35:$C$37,"ԱՁ")>0,"Աստիճաններ չեն կիրառվում — հաշիվ-ապրանքագիր",IF(COUNTIFS('Մոդելներ և պարտադիր վճարներ'!$B$35:$B$37,$D9,'Մոդելներ և պարտադիր վճարներ'!$C$35:$C$37,"D2D")>0,"Աստիճաններ չեն կիրառվում — տես D2D բաժինը","Ֆիքս × (1 + աստիճանի %)")) -> Ֆիքս × (1 + աստիճանի %) | AD9: Վաճառքի և սպասարկման ավագ մասնագետ
B10: Կոմերցիոն | C10: Վաճառք | D10: Հեռախոսային վաճառքի ավագ մասնագետ | E10: 1 | F10: 1 | G10: 1 | H10: =$F10-$G10 -> 0 | I10: Համալրված | J10: 150000 | K10: =IF(COUNTIFS('Մոդելներ և պարտադիր վճարներ'!$B$35:$B$37,$D10,'Մոդելներ և պարտադիր վճարներ'!$C$35:$C$37,"ԱՁ")>0,0,$O10*'Մոդելներ և պարտադիր վճարներ'!$C$57) -> 41546.667 | L10: =IF(COUNTIFS('Մոդելներ և պարտադիր վճարներ'!$B$35:$B$37,$D10,'Մոդելներ և պարտադիր վճարներ'!$C$35:$C$37,"ԱՁ")>0,0,$O10*'Մոդելներ և պարտադիր վճարներ'!$C$58) -> 10386.667 | M10: =IF(COUNTIFS('Մոդելներ և պարտադիր վճարներ'!$B$35:$B$37,$D10,'Մոդելներ և պարտադիր վճարներ'!$C$35:$C$37,"ԱՁ")>0,0,INDEX('Մոդելներ և պարտադիր վճարներ'!$D$67:$D$71,IFERROR(MATCH(IFERROR(INDEX('Մոդելներ և պարտադիր վճարներ'!$D$35:$D$37,MATCH($D10,'Մոդելներ և պարտադիր վճարներ'!$B$35:$B$37,0)),$J10*(1+'Մոդելներ և պարտադիր վճարներ'!$C$60)),'Մոդելներ և պարտադիր վճարներ'!$F$67:$F$71,1)+1,1))) -> 1000 | N10: =IF(COUNTIFS('Մոդելներ և պարտադիր վճարներ'!$B$35:$B$37,$D10,'Մոդելներ և պարտադիր վճարներ'!$C$35:$C$37,"ԱՁ")>0,0,INDEX('Մոդելներ և պարտադիր վճարներ'!$E$67:$E$71,IFERROR(MATCH(IFERROR(INDEX('Մոդելներ և պարտադիր վճարներ'!$D$35:$D$37,MATCH($D10,'Մոդելներ և պարտադիր վճարներ'!$B$35:$B$37,0)),$J10*(1+'Մոդելներ և պարտադիր վճարներ'!$C$60)),'Մոդելներ և պարտադիր վճարներ'!$F$67:$F$71,1)+1,1))) -> 4800 | O10: =IF(COUNTIFS('Մոդելներ և պարտադիր վճարներ'!$B$35:$B$37,$D10,'Մոդելներ և պարտադիր վճարներ'!$C$35:$C$37,"ԱՁ")>0,$J10,($J10+$M10+$N10)*'Մոդելներ և պարտադիր վճարներ'!$C$59) -> 207733.33 | P10: =F10*$J10 -> 150000 | Q10: =O10*F10 -> 207733.33 | R10: =IF(COUNTIFS('Մոդելներ և պարտադիր վճարներ'!$B$35:$B$37,$D10,'Մոդելներ և պարտադիր վճարներ'!$C$35:$C$37,"ԱՁ")>0,"Գ. ԱՁ",IF(COUNTIFS('Մոդելներ և պարտադիր վճարներ'!$B$35:$B$37,$D10,'Մոդելներ և պարտադիր վճարներ'!$C$35:$C$37,"D2D")>0,"Բ. D2D","Ա. Ֆիքս + KPI բոնուս")) -> Ա. Ֆիքս + KPI բոնուս | S10: =IF(COUNTIFS('Մոդելներ և պարտադիր վճարներ'!$B$35:$B$37,$D10,'Մոդելներ և պարտադիր վճարներ'!$C$35:$C$37,"ԱՁ")>0,$J10,IF(COUNTIFS('Մոդելներ և պարտադիր վճարներ'!$B$35:$B$37,$D10,'Մոդելներ և պարտադիր վճարներ'!$C$35:$C$37,"D2D")>0,'Մոդելներ և պարտադիր վճարներ'!$G$26,$J10*(1+'Մոդելներ և պարտադիր վճարներ'!$D$7))) -> 150000 | T10: =IF(COUNTIFS('Մոդելներ և պարտադիր վճարներ'!$B$35:$B$37,$D10,'Մոդելներ և պարտադիր վճարներ'!$C$35:$C$37,"ԱՁ")>0,$J10,IF(COUNTIFS('Մոդելներ և պարտադիր վճարներ'!$B$35:$B$37,$D10,'Մոդելներ և պարտադիր վճարներ'!$C$35:$C$37,"D2D")>0,'Մոդելներ և պարտադիր վճարներ'!$G$27,$J10*(1+'Մոդելներ և պարտադիր վճարներ'!$D$8))) -> 172500 | U10: =IF(COUNTIFS('Մոդելներ և պարտադիր վճարներ'!$B$35:$B$37,$D10,'Մոդելներ և պարտադիր վճարներ'!$C$35:$C$37,"ԱՁ")>0,$J10,IF(COUNTIFS('Մոդելներ և պարտադիր վճարներ'!$B$35:$B$37,$D10,'Մոդելներ և պարտադիր վճարներ'!$C$35:$C$37,"D2D")>0,'Մոդելներ և պարտադիր վճարներ'!$G$28,$J10*(1+'Մոդելներ և պարտադիր վճարներ'!$D$9))) -> 187500 | V10: =IF(COUNTIFS('Մոդելներ և պարտադիր վճարներ'!$B$35:$B$37,$D10,'Մոդելներ և պարտադիր վճարներ'!$C$35:$C$37,"ԱՁ")>0,$J10,IF(COUNTIFS('Մոդելներ և պարտադիր վճարներ'!$B$35:$B$37,$D10,'Մոդելներ և պարտադիր վճարներ'!$C$35:$C$37,"D2D")>0,'Մոդելներ և պարտադիր վճարներ'!$G$29,$J10*(1+'Մոդելներ և պարտադիր վճարներ'!$D$10))) -> 202500 | W10: =IF(COUNTIFS('Մոդելներ և պարտադիր վճարներ'!$B$35:$B$37,$D10,'Մոդելներ և պարտադիր վճարներ'!$C$35:$C$37,"ԱՁ")>0,$J10,IF(COUNTIFS('Մոդելներ և պարտադիր վճարներ'!$B$35:$B$37,$D10,'Մոդելներ և պարտադիր վճարներ'!$C$35:$C$37,"D2D")>0,'Մոդելներ և պարտադիր վճարներ'!$G$30,$J10*(1+'Մոդելներ և պարտադիր վճարներ'!$D$11))) -> 225000 | X10: =IF(COUNTIFS('Մոդելներ և պարտադիր վճարներ'!$B$35:$B$37,$D10,'Մոդելներ և պարտադիր վճարներ'!$C$35:$C$37,"ԱՁ")>0,$J10,($S10+INDEX('Մոդելներ և պարտադիր վճարներ'!$D$67:$D$71,IFERROR(MATCH($S10,'Մոդելներ և պարտադիր վճարներ'!$F$67:$F$71,1)+1,1))+INDEX('Մոդելներ և պարտադիր վճարներ'!$E$67:$E$71,IFERROR(MATCH($S10,'Մոդելներ և պարտադիր վճարներ'!$F$67:$F$71,1)+1,1)))*'Մոդելներ և պարտադիր վճարներ'!$C$59) -> 207733.33 | Y10: =IF(COUNTIFS('Մոդելներ և պարտադիր վճարներ'!$B$35:$B$37,$D10,'Մոդելներ և պարտադիր վճարներ'!$C$35:$C$37,"ԱՁ")>0,$J10,($T10+INDEX('Մոդելներ և պարտադիր վճարներ'!$D$67:$D$71,IFERROR(MATCH($T10,'Մոդելներ և պարտադիր վճարներ'!$F$67:$F$71,1)+1,1))+INDEX('Մոդելներ և պարտադիր վճարներ'!$E$67:$E$71,IFERROR(MATCH($T10,'Մոդելներ և պարտադիր վճարներ'!$F$67:$F$71,1)+1,1)))*'Մոդելներ և պարտադիր վճարներ'!$C$59) -> 237733.33 | Z10: =IF(COUNTIFS('Մոդելներ և պարտադիր վճարներ'!$B$35:$B$37,$D10,'Մոդելներ և պարտադիր վճարներ'!$C$35:$C$37,"ԱՁ")>0,$J10,($U10+INDEX('Մոդելներ և պարտադիր վճարներ'!$D$67:$D$71,IFERROR(MATCH($U10,'Մոդելներ և պարտադիր վճարներ'!$F$67:$F$71,1)+1,1))+INDEX('Մոդելներ և պարտադիր վճարներ'!$E$67:$E$71,IFERROR(MATCH($U10,'Մոդելներ և պարտադիր վճարներ'!$F$67:$F$71,1)+1,1)))*'Մոդելներ և պարտադիր վճարներ'!$C$59) -> 257733.33 | AA10: =IF(COUNTIFS('Մոդելներ և պարտադիր վճարներ'!$B$35:$B$37,$D10,'Մոդելներ և պարտադիր վճարներ'!$C$35:$C$37,"ԱՁ")>0,$J10,($V10+INDEX('Մոդելներ և պարտադիր վճարներ'!$D$67:$D$71,IFERROR(MATCH($V10,'Մոդելներ և պարտադիր վճարներ'!$F$67:$F$71,1)+1,1))+INDEX('Մոդելներ և պարտադիր վճարներ'!$E$67:$E$71,IFERROR(MATCH($V10,'Մոդելներ և պարտադիր վճարներ'!$F$67:$F$71,1)+1,1)))*'Մոդելներ և պարտադիր վճարներ'!$C$59) -> 277733.33 | AB10: =IF(COUNTIFS('Մոդելներ և պարտադիր վճարներ'!$B$35:$B$37,$D10,'Մոդելներ և պարտադիր վճարներ'!$C$35:$C$37,"ԱՁ")>0,$J10,($W10+INDEX('Մոդելներ և պարտադիր վճարներ'!$D$67:$D$71,IFERROR(MATCH($W10,'Մոդելներ և պարտադիր վճարներ'!$F$67:$F$71,1)+1,1))+INDEX('Մոդելներ և պարտադիր վճարներ'!$E$67:$E$71,IFERROR(MATCH($W10,'Մոդելներ և պարտադիր վճարներ'!$F$67:$F$71,1)+1,1)))*'Մոդելներ և պարտադիր վճարներ'!$C$59) -> 307733.33 | AC10: =IF(COUNTIFS('Մոդելներ և պարտադիր վճարներ'!$B$35:$B$37,$D10,'Մոդելներ և պարտադիր վճարներ'!$C$35:$C$37,"ԱՁ")>0,"Աստիճաններ չեն կիրառվում — հաշիվ-ապրանքագիր",IF(COUNTIFS('Մոդելներ և պարտադիր վճարներ'!$B$35:$B$37,$D10,'Մոդելներ և պարտադիր վճարներ'!$C$35:$C$37,"D2D")>0,"Աստիճաններ չեն կիրառվում — տես D2D բաժինը","Ֆիքս × (1 + աստիճանի %)")) -> Ֆիքս × (1 + աստիճանի %) | AD10: Վաճառքի ղեկավար
B11: Կոմերցիոն | C11: Վաճառք | D11: Հեռախոսային վաճառքի գործակալ | E11: 1 | F11: 2 | G11: 0 | H11: =$F11-$G11 -> 2 | I11: Կրիտիկական | J11: 100000 | K11: =IF(COUNTIFS('Մոդելներ և պարտադիր վճարներ'!$B$35:$B$37,$D11,'Մոդելներ և պարտադիր վճարներ'!$C$35:$C$37,"ԱՁ")>0,0,$O11*'Մոդելներ և պարտադիր վճարներ'!$C$57) -> 28213.333 | L11: =IF(COUNTIFS('Մոդելներ և պարտադիր վճարներ'!$B$35:$B$37,$D11,'Մոդելներ և պարտադիր վճարներ'!$C$35:$C$37,"ԱՁ")>0,0,$O11*'Մոդելներ և պարտադիր վճարներ'!$C$58) -> 7053.3333 | M11: =IF(COUNTIFS('Մոդելներ և պարտադիր վճարներ'!$B$35:$B$37,$D11,'Մոդելներ և պարտադիր վճարներ'!$C$35:$C$37,"ԱՁ")>0,0,INDEX('Մոդելներ և պարտադիր վճարներ'!$D$67:$D$71,IFERROR(MATCH(IFERROR(INDEX('Մոդելներ և պարտադիր վճարներ'!$D$35:$D$37,MATCH($D11,'Մոդելներ և պարտադիր վճարներ'!$B$35:$B$37,0)),$J11*(1+'Մոդելներ և պարտադիր վճարներ'!$C$60)),'Մոդելներ և պարտադիր վճարներ'!$F$67:$F$71,1)+1,1))) -> 1000 | N11: =IF(COUNTIFS('Մոդելներ և պարտադիր վճարներ'!$B$35:$B$37,$D11,'Մոդելներ և պարտադիր վճարներ'!$C$35:$C$37,"ԱՁ")>0,0,INDEX('Մոդելներ և պարտադիր վճարներ'!$E$67:$E$71,IFERROR(MATCH(IFERROR(INDEX('Մոդելներ և պարտադիր վճարներ'!$D$35:$D$37,MATCH($D11,'Մոդելներ և պարտադիր վճարներ'!$B$35:$B$37,0)),$J11*(1+'Մոդելներ և պարտադիր վճարներ'!$C$60)),'Մոդելներ և պարտադիր վճարներ'!$F$67:$F$71,1)+1,1))) -> 4800 | O11: =IF(COUNTIFS('Մոդելներ և պարտադիր վճարներ'!$B$35:$B$37,$D11,'Մոդելներ և պարտադիր վճարներ'!$C$35:$C$37,"ԱՁ")>0,$J11,($J11+$M11+$N11)*'Մոդելներ և պարտադիր վճարներ'!$C$59) -> 141066.67 | P11: =F11*$J11 -> 200000 | Q11: =O11*F11 -> 282133.33 | R11: =IF(COUNTIFS('Մոդելներ և պարտադիր վճարներ'!$B$35:$B$37,$D11,'Մոդելներ և պարտադիր վճարներ'!$C$35:$C$37,"ԱՁ")>0,"Գ. ԱՁ",IF(COUNTIFS('Մոդելներ և պարտադիր վճարներ'!$B$35:$B$37,$D11,'Մոդելներ և պարտադիր վճարներ'!$C$35:$C$37,"D2D")>0,"Բ. D2D","Ա. Ֆիքս + KPI բոնուս")) -> Ա. Ֆիքս + KPI բոնուս | S11: =IF(COUNTIFS('Մոդելներ և պարտադիր վճարներ'!$B$35:$B$37,$D11,'Մոդելներ և պարտադիր վճարներ'!$C$35:$C$37,"ԱՁ")>0,$J11,IF(COUNTIFS('Մոդելներ և պարտադիր վճարներ'!$B$35:$B$37,$D11,'Մոդելներ և պարտադիր վճարներ'!$C$35:$C$37,"D2D")>0,'Մոդելներ և պարտադիր վճարներ'!$G$26,$J11*(1+'Մոդելներ և պարտադիր վճարներ'!$D$7))) -> 100000 | T11: =IF(COUNTIFS('Մոդելներ և պարտադիր վճարներ'!$B$35:$B$37,$D11,'Մոդելներ և պարտադիր վճարներ'!$C$35:$C$37,"ԱՁ")>0,$J11,IF(COUNTIFS('Մոդելներ և պարտադիր վճարներ'!$B$35:$B$37,$D11,'Մոդելներ և պարտադիր վճարներ'!$C$35:$C$37,"D2D")>0,'Մոդելներ և պարտադիր վճարներ'!$G$27,$J11*(1+'Մոդելներ և պարտադիր վճարներ'!$D$8))) -> 115000 | U11: =IF(COUNTIFS('Մոդելներ և պարտադիր վճարներ'!$B$35:$B$37,$D11,'Մոդելներ և պարտադիր վճարներ'!$C$35:$C$37,"ԱՁ")>0,$J11,IF(COUNTIFS('Մոդելներ և պարտադիր վճարներ'!$B$35:$B$37,$D11,'Մոդելներ և պարտադիր վճարներ'!$C$35:$C$37,"D2D")>0,'Մոդելներ և պարտադիր վճարներ'!$G$28,$J11*(1+'Մոդելներ և պարտադիր վճարներ'!$D$9))) -> 125000 | V11: =IF(COUNTIFS('Մոդելներ և պարտադիր վճարներ'!$B$35:$B$37,$D11,'Մոդելներ և պարտադիր վճարներ'!$C$35:$C$37,"ԱՁ")>0,$J11,IF(COUNTIFS('Մոդելներ և պարտադիր վճարներ'!$B$35:$B$37,$D11,'Մոդելներ և պարտադիր վճարներ'!$C$35:$C$37,"D2D")>0,'Մոդելներ և պարտադիր վճարներ'!$G$29,$J11*(1+'Մոդելներ և պարտադիր վճարներ'!$D$10))) -> 135000 | W11: =IF(COUNTIFS('Մոդելներ և պարտադիր վճարներ'!$B$35:$B$37,$D11,'Մոդելներ և պարտադիր վճարներ'!$C$35:$C$37,"ԱՁ")>0,$J11,IF(COUNTIFS('Մոդելներ և պարտադիր վճարներ'!$B$35:$B$37,$D11,'Մոդելներ և պարտադիր վճարներ'!$C$35:$C$37,"D2D")>0,'Մոդելներ և պարտադիր վճարներ'!$G$30,$J11*(1+'Մոդելներ և պարտադիր վճարներ'!$D$11))) -> 150000 | X11: =IF(COUNTIFS('Մոդելներ և պարտադիր վճարներ'!$B$35:$B$37,$D11,'Մոդելներ և պարտադիր վճարներ'!$C$35:$C$37,"ԱՁ")>0,$J11,($S11+INDEX('Մոդելներ և պարտադիր վճարներ'!$D$67:$D$71,IFERROR(MATCH($S11,'Մոդելներ և պարտադիր վճարներ'!$F$67:$F$71,1)+1,1))+INDEX('Մոդելներ և պարտադիր վճարներ'!$E$67:$E$71,IFERROR(MATCH($S11,'Մոդելներ և պարտադիր վճարներ'!$F$67:$F$71,1)+1,1)))*'Մոդելներ և պարտադիր վճարներ'!$C$59) -> 134666.67 | Y11: =IF(COUNTIFS('Մոդելներ և պարտադիր վճարներ'!$B$35:$B$37,$D11,'Մոդելներ և պարտադիր վճարներ'!$C$35:$C$37,"ԱՁ")>0,$J11,($T11+INDEX('Մոդելներ և պարտադիր վճարներ'!$D$67:$D$71,IFERROR(MATCH($T11,'Մոդելներ և պարտադիր վճարներ'!$F$67:$F$71,1)+1,1))+INDEX('Մոդելներ և պարտադիր վճարներ'!$E$67:$E$71,IFERROR(MATCH($T11,'Մոդելներ և պարտադիր վճարներ'!$F$67:$F$71,1)+1,1)))*'Մոդելներ և պարտադիր վճարներ'!$C$59) -> 154666.67 | Z11: =IF(COUNTIFS('Մոդելներ և պարտադիր վճարներ'!$B$35:$B$37,$D11,'Մոդելներ և պարտադիր վճարներ'!$C$35:$C$37,"ԱՁ")>0,$J11,($U11+INDEX('Մոդելներ և պարտադիր վճարներ'!$D$67:$D$71,IFERROR(MATCH($U11,'Մոդելներ և պարտադիր վճարներ'!$F$67:$F$71,1)+1,1))+INDEX('Մոդելներ և պարտադիր վճարներ'!$E$67:$E$71,IFERROR(MATCH($U11,'Մոդելներ և պարտադիր վճարներ'!$F$67:$F$71,1)+1,1)))*'Մոդելներ և պարտադիր վճարներ'!$C$59) -> 168000 | AA11: =IF(COUNTIFS('Մոդելներ և պարտադիր վճարներ'!$B$35:$B$37,$D11,'Մոդելներ և պարտադիր վճարներ'!$C$35:$C$37,"ԱՁ")>0,$J11,($V11+INDEX('Մոդելներ և պարտադիր վճարներ'!$D$67:$D$71,IFERROR(MATCH($V11,'Մոդելներ և պարտադիր վճարներ'!$F$67:$F$71,1)+1,1))+INDEX('Մոդելներ և պարտադիր վճարներ'!$E$67:$E$71,IFERROR(MATCH($V11,'Մոդելներ և պարտադիր վճարներ'!$F$67:$F$71,1)+1,1)))*'Մոդելներ և պարտադիր վճարներ'!$C$59) -> 181333.33 | AB11: =IF(COUNTIFS('Մոդելներ և պարտադիր վճարներ'!$B$35:$B$37,$D11,'Մոդելներ և պարտադիր վճարներ'!$C$35:$C$37,"ԱՁ")>0,$J11,($W11+INDEX('Մոդելներ և պարտադիր վճարներ'!$D$67:$D$71,IFERROR(MATCH($W11,'Մոդելներ և պարտադիր վճարներ'!$F$67:$F$71,1)+1,1))+INDEX('Մոդելներ և պարտադիր վճարներ'!$E$67:$E$71,IFERROR(MATCH($W11,'Մոդելներ և պարտադիր վճարներ'!$F$67:$F$71,1)+1,1)))*'Մոդելներ և պարտադիր վճարներ'!$C$59) -> 207733.33 | AC11: =IF(COUNTIFS('Մոդելներ և պարտադիր վճարներ'!$B$35:$B$37,$D11,'Մոդելներ և պարտադիր վճարներ'!$C$35:$C$37,"ԱՁ")>0,"Աստիճաններ չեն կիրառվում — հաշիվ-ապրանքագիր",IF(COUNTIFS('Մոդելներ և պարտադիր վճարներ'!$B$35:$B$37,$D11,'Մոդելներ և պարտադիր վճարներ'!$C$35:$C$37,"D2D")>0,"Աստիճաններ չեն կիրառվում — տես D2D բաժինը","Ֆիքս × (1 + աստիճանի %)")) -> Ֆիքս × (1 + աստիճանի %) | AD11: Հեռախոսային վաճառքի ավագ մասնագետ
B12: Կոմերցիոն | C12: Մարքեթինգ | D12: Մարքեթինգի ղեկավար | E12: 1 | F12: 1 | G12: 1 | H12: =$F12-$G12 -> 0 | I12: Համալրված | J12: 150000 | K12: =IF(COUNTIFS('Մոդելներ և պարտադիր վճարներ'!$B$35:$B$37,$D12,'Մոդելներ և պարտադիր վճարներ'!$C$35:$C$37,"ԱՁ")>0,0,$O12*'Մոդելներ և պարտադիր վճարներ'!$C$57) -> 41546.667 | L12: =IF(COUNTIFS('Մոդելներ և պարտադիր վճարներ'!$B$35:$B$37,$D12,'Մոդելներ և պարտադիր վճարներ'!$C$35:$C$37,"ԱՁ")>0,0,$O12*'Մոդելներ և պարտադիր վճարներ'!$C$58) -> 10386.667 | M12: =IF(COUNTIFS('Մոդելներ և պարտադիր վճարներ'!$B$35:$B$37,$D12,'Մոդելներ և պարտադիր վճարներ'!$C$35:$C$37,"ԱՁ")>0,0,INDEX('Մոդելներ և պարտադիր վճարներ'!$D$67:$D$71,IFERROR(MATCH(IFERROR(INDEX('Մոդելներ և պարտադիր վճարներ'!$D$35:$D$37,MATCH($D12,'Մոդելներ և պարտադիր վճարներ'!$B$35:$B$37,0)),$J12*(1+'Մոդելներ և պարտադիր վճարներ'!$C$60)),'Մոդելներ և պարտադիր վճարներ'!$F$67:$F$71,1)+1,1))) -> 1000 | N12: =IF(COUNTIFS('Մոդելներ և պարտադիր վճարներ'!$B$35:$B$37,$D12,'Մոդելներ և պարտադիր վճարներ'!$C$35:$C$37,"ԱՁ")>0,0,INDEX('Մոդելներ և պարտադիր վճարներ'!$E$67:$E$71,IFERROR(MATCH(IFERROR(INDEX('Մոդելներ և պարտադիր վճարներ'!$D$35:$D$37,MATCH($D12,'Մոդելներ և պարտադիր վճարներ'!$B$35:$B$37,0)),$J12*(1+'Մոդելներ և պարտադիր վճարներ'!$C$60)),'Մոդելներ և պարտադիր վճարներ'!$F$67:$F$71,1)+1,1))) -> 4800 | O12: =IF(COUNTIFS('Մոդելներ և պարտադիր վճարներ'!$B$35:$B$37,$D12,'Մոդելներ և պարտադիր վճարներ'!$C$35:$C$37,"ԱՁ")>0,$J12,($J12+$M12+$N12)*'Մոդելներ և պարտադիր վճարներ'!$C$59) -> 207733.33 | P12: =F12*$J12 -> 150000 | Q12: =O12*F12 -> 207733.33 | R12: =IF(COUNTIFS('Մոդելներ և պարտադիր վճարներ'!$B$35:$B$37,$D12,'Մոդելներ և պարտադիր վճարներ'!$C$35:$C$37,"ԱՁ")>0,"Գ. ԱՁ",IF(COUNTIFS('Մոդելներ և պարտադիր վճարներ'!$B$35:$B$37,$D12,'Մոդելներ և պարտադիր վճարներ'!$C$35:$C$37,"D2D")>0,"Բ. D2D","Ա. Ֆիքս + KPI բոնուս")) -> Ա. Ֆիքս + KPI բոնուս | S12: =IF(COUNTIFS('Մոդելներ և պարտադիր վճարներ'!$B$35:$B$37,$D12,'Մոդելներ և պարտադիր վճարներ'!$C$35:$C$37,"ԱՁ")>0,$J12,IF(COUNTIFS('Մոդելներ և պարտադիր վճարներ'!$B$35:$B$37,$D12,'Մոդելներ և պարտադիր վճարներ'!$C$35:$C$37,"D2D")>0,'Մոդելներ և պարտադիր վճարներ'!$G$26,$J12*(1+'Մոդելներ և պարտադիր վճարներ'!$D$7))) -> 150000 | T12: =IF(COUNTIFS('Մոդելներ և պարտադիր վճարներ'!$B$35:$B$37,$D12,'Մոդելներ և պարտադիր վճարներ'!$C$35:$C$37,"ԱՁ")>0,$J12,IF(COUNTIFS('Մոդելներ և պարտադիր վճարներ'!$B$35:$B$37,$D12,'Մոդելներ և պարտադիր վճարներ'!$C$35:$C$37,"D2D")>0,'Մոդելներ և պարտադիր վճարներ'!$G$27,$J12*(1+'Մոդելներ և պարտադիր վճարներ'!$D$8))) -> 172500 | U12: =IF(COUNTIFS('Մոդելներ և պարտադիր վճարներ'!$B$35:$B$37,$D12,'Մոդելներ և պարտադիր վճարներ'!$C$35:$C$37,"ԱՁ")>0,$J12,IF(COUNTIFS('Մոդելներ և պարտադիր վճարներ'!$B$35:$B$37,$D12,'Մոդելներ և պարտադիր վճարներ'!$C$35:$C$37,"D2D")>0,'Մոդելներ և պարտադիր վճարներ'!$G$28,$J12*(1+'Մոդելներ և պարտադիր վճարներ'!$D$9))) -> 187500 | V12: =IF(COUNTIFS('Մոդելներ և պարտադիր վճարներ'!$B$35:$B$37,$D12,'Մոդելներ և պարտադիր վճարներ'!$C$35:$C$37,"ԱՁ")>0,$J12,IF(COUNTIFS('Մոդելներ և պարտադիր վճարներ'!$B$35:$B$37,$D12,'Մոդելներ և պարտադիր վճարներ'!$C$35:$C$37,"D2D")>0,'Մոդելներ և պարտադիր վճարներ'!$G$29,$J12*(1+'Մոդելներ և պարտադիր վճարներ'!$D$10))) -> 202500 | W12: =IF(COUNTIFS('Մոդելներ և պարտադիր վճարներ'!$B$35:$B$37,$D12,'Մոդելներ և պարտադիր վճարներ'!$C$35:$C$37,"ԱՁ")>0,$J12,IF(COUNTIFS('Մոդելներ և պարտադիր վճարներ'!$B$35:$B$37,$D12,'Մոդելներ և պարտադիր վճարներ'!$C$35:$C$37,"D2D")>0,'Մոդելներ և պարտադիր վճարներ'!$G$30,$J12*(1+'Մոդելներ և պարտադիր վճարներ'!$D$11))) -> 225000 | X12: =IF(COUNTIFS('Մոդելներ և պարտադիր վճարներ'!$B$35:$B$37,$D12,'Մոդելներ և պարտադիր վճարներ'!$C$35:$C$37,"ԱՁ")>0,$J12,($S12+INDEX('Մոդելներ և պարտադիր վճարներ'!$D$67:$D$71,IFERROR(MATCH($S12,'Մոդելներ և պարտադիր վճարներ'!$F$67:$F$71,1)+1,1))+INDEX('Մոդելներ և պարտադիր վճարներ'!$E$67:$E$71,IFERROR(MATCH($S12,'Մոդելներ և պարտադիր վճարներ'!$F$67:$F$71,1)+1,1)))*'Մոդելներ և պարտադիր վճարներ'!$C$59) -> 207733.33 | Y12: =IF(COUNTIFS('Մոդելներ և պարտադիր վճարներ'!$B$35:$B$37,$D12,'Մոդելներ և պարտադիր վճարներ'!$C$35:$C$37,"ԱՁ")>0,$J12,($T12+INDEX('Մոդելներ և պարտադիր վճարներ'!$D$67:$D$71,IFERROR(MATCH($T12,'Մոդելներ և պարտադիր վճարներ'!$F$67:$F$71,1)+1,1))+INDEX('Մոդելներ և պարտադիր վճարներ'!$E$67:$E$71,IFERROR(MATCH($T12,'Մոդելներ և պարտադիր վճարներ'!$F$67:$F$71,1)+1,1)))*'Մոդելներ և պարտադիր վճարներ'!$C$59) -> 237733.33 | Z12: =IF(COUNTIFS('Մոդելներ և պարտադիր վճարներ'!$B$35:$B$37,$D12,'Մոդելներ և պարտադիր վճարներ'!$C$35:$C$37,"ԱՁ")>0,$J12,($U12+INDEX('Մոդելներ և պարտադիր վճարներ'!$D$67:$D$71,IFERROR(MATCH($U12,'Մոդելներ և պարտադիր վճարներ'!$F$67:$F$71,1)+1,1))+INDEX('Մոդելներ և պարտադիր վճարներ'!$E$67:$E$71,IFERROR(MATCH($U12,'Մոդելներ և պարտադիր վճարներ'!$F$67:$F$71,1)+1,1)))*'Մոդելներ և պարտադիր վճարներ'!$C$59) -> 257733.33 | AA12: =IF(COUNTIFS('Մոդելներ և պարտադիր վճարներ'!$B$35:$B$37,$D12,'Մոդելներ և պարտադիր վճարներ'!$C$35:$C$37,"ԱՁ")>0,$J12,($V12+INDEX('Մոդելներ և պարտադիր վճարներ'!$D$67:$D$71,IFERROR(MATCH($V12,'Մոդելներ և պարտադիր վճարներ'!$F$67:$F$71,1)+1,1))+INDEX('Մոդելներ և պարտադիր վճարներ'!$E$67:$E$71,IFERROR(MATCH($V12,'Մոդելներ և պարտադիր վճարներ'!$F$67:$F$71,1)+1,1)))*'Մոդելներ և պարտադիր վճարներ'!$C$59) -> 277733.33 | AB12: =IF(COUNTIFS('Մոդելներ և պարտադիր վճարներ'!$B$35:$B$37,$D12,'Մոդելներ և պարտադիր վճարներ'!$C$35:$C$37,"ԱՁ")>0,$J12,($W12+INDEX('Մոդելներ և պարտադիր վճարներ'!$D$67:$D$71,IFERROR(MATCH($W12,'Մոդելներ և պարտադիր վճարներ'!$F$67:$F$71,1)+1,1))+INDEX('Մոդելներ և պարտադիր վճարներ'!$E$67:$E$71,IFERROR(MATCH($W12,'Մոդելներ և պարտադիր վճարներ'!$F$67:$F$71,1)+1,1)))*'Մոդելներ և պարտադիր վճարներ'!$C$59) -> 307733.33 | AC12: =IF(COUNTIFS('Մոդելներ և պարտադիր վճարներ'!$B$35:$B$37,$D12,'Մոդելներ և պարտադիր վճարներ'!$C$35:$C$37,"ԱՁ")>0,"Աստիճաններ չեն կիրառվում — հաշիվ-ապրանքագիր",IF(COUNTIFS('Մոդելներ և պարտադիր վճարներ'!$B$35:$B$37,$D12,'Մոդելներ և պարտադիր վճարներ'!$C$35:$C$37,"D2D")>0,"Աստիճաններ չեն կիրառվում — տես D2D բաժինը","Ֆիքս × (1 + աստիճանի %)")) -> Ֆիքս × (1 + աստիճանի %) | AD12: Վաճառքի և գործառնական ղեկավար
B13: Կոմերցիոն | C13: Մարքեթինգ | D13: Performance Marketing մասնագետ | E13: 1 | F13: 1 | G13: 0 | H13: =$F13-$G13 -> 1 | I13: Կարող է սպասել | J13: 150000 | K13: =IF(COUNTIFS('Մոդելներ և պարտադիր վճարներ'!$B$35:$B$37,$D13,'Մոդելներ և պարտադիր վճարներ'!$C$35:$C$37,"ԱՁ")>0,0,$O13*'Մոդելներ և պարտադիր վճարներ'!$C$57) -> 41546.667 | L13: =IF(COUNTIFS('Մոդելներ և պարտադիր վճարներ'!$B$35:$B$37,$D13,'Մոդելներ և պարտադիր վճարներ'!$C$35:$C$37,"ԱՁ")>0,0,$O13*'Մոդելներ և պարտադիր վճարներ'!$C$58) -> 10386.667 | M13: =IF(COUNTIFS('Մոդելներ և պարտադիր վճարներ'!$B$35:$B$37,$D13,'Մոդելներ և պարտադիր վճարներ'!$C$35:$C$37,"ԱՁ")>0,0,INDEX('Մոդելներ և պարտադիր վճարներ'!$D$67:$D$71,IFERROR(MATCH(IFERROR(INDEX('Մոդելներ և պարտադիր վճարներ'!$D$35:$D$37,MATCH($D13,'Մոդելներ և պարտադիր վճարներ'!$B$35:$B$37,0)),$J13*(1+'Մոդելներ և պարտադիր վճարներ'!$C$60)),'Մոդելներ և պարտադիր վճարներ'!$F$67:$F$71,1)+1,1))) -> 1000 | N13: =IF(COUNTIFS('Մոդելներ և պարտադիր վճարներ'!$B$35:$B$37,$D13,'Մոդելներ և պարտադիր վճարներ'!$C$35:$C$37,"ԱՁ")>0,0,INDEX('Մոդելներ և պարտադիր վճարներ'!$E$67:$E$71,IFERROR(MATCH(IFERROR(INDEX('Մոդելներ և պարտադիր վճարներ'!$D$35:$D$37,MATCH($D13,'Մոդելներ և պարտադիր վճարներ'!$B$35:$B$37,0)),$J13*(1+'Մոդելներ և պարտադիր վճարներ'!$C$60)),'Մոդելներ և պարտադիր վճարներ'!$F$67:$F$71,1)+1,1))) -> 4800 | O13: =IF(COUNTIFS('Մոդելներ և պարտադիր վճարներ'!$B$35:$B$37,$D13,'Մոդելներ և պարտադիր վճարներ'!$C$35:$C$37,"ԱՁ")>0,$J13,($J13+$M13+$N13)*'Մոդելներ և պարտադիր վճարներ'!$C$59) -> 207733.33 | P13: =F13*$J13 -> 150000 | Q13: =O13*F13 -> 207733.33 | R13: =IF(COUNTIFS('Մոդելներ և պարտադիր վճարներ'!$B$35:$B$37,$D13,'Մոդելներ և պարտադիր վճարներ'!$C$35:$C$37,"ԱՁ")>0,"Գ. ԱՁ",IF(COUNTIFS('Մոդելներ և պարտադիր վճարներ'!$B$35:$B$37,$D13,'Մոդելներ և պարտադիր վճարներ'!$C$35:$C$37,"D2D")>0,"Բ. D2D","Ա. Ֆիքս + KPI բոնուս")) -> Ա. Ֆիքս + KPI բոնուս | S13: =IF(COUNTIFS('Մոդելներ և պարտադիր վճարներ'!$B$35:$B$37,$D13,'Մոդելներ և պարտադիր վճարներ'!$C$35:$C$37,"ԱՁ")>0,$J13,IF(COUNTIFS('Մոդելներ և պարտադիր վճարներ'!$B$35:$B$37,$D13,'Մոդելներ և պարտադիր վճարներ'!$C$35:$C$37,"D2D")>0,'Մոդելներ և պարտադիր վճարներ'!$G$26,$J13*(1+'Մոդելներ և պարտադիր վճարներ'!$D$7))) -> 150000 | T13: =IF(COUNTIFS('Մոդելներ և պարտադիր վճարներ'!$B$35:$B$37,$D13,'Մոդելներ և պարտադիր վճարներ'!$C$35:$C$37,"ԱՁ")>0,$J13,IF(COUNTIFS('Մոդելներ և պարտադիր վճարներ'!$B$35:$B$37,$D13,'Մոդելներ և պարտադիր վճարներ'!$C$35:$C$37,"D2D")>0,'Մոդելներ և պարտադիր վճարներ'!$G$27,$J13*(1+'Մոդելներ և պարտադիր վճարներ'!$D$8))) -> 172500 | U13: =IF(COUNTIFS('Մոդելներ և պարտադիր վճարներ'!$B$35:$B$37,$D13,'Մոդելներ և պարտադիր վճարներ'!$C$35:$C$37,"ԱՁ")>0,$J13,IF(COUNTIFS('Մոդելներ և պարտադիր վճարներ'!$B$35:$B$37,$D13,'Մոդելներ և պարտադիր վճարներ'!$C$35:$C$37,"D2D")>0,'Մոդելներ և պարտադիր վճարներ'!$G$28,$J13*(1+'Մոդելներ և պարտադիր վճարներ'!$D$9))) -> 187500 | V13: =IF(COUNTIFS('Մոդելներ և պարտադիր վճարներ'!$B$35:$B$37,$D13,'Մոդելներ և պարտադիր վճարներ'!$C$35:$C$37,"ԱՁ")>0,$J13,IF(COUNTIFS('Մոդելներ և պարտադիր վճարներ'!$B$35:$B$37,$D13,'Մոդելներ և պարտադիր վճարներ'!$C$35:$C$37,"D2D")>0,'Մոդելներ և պարտադիր վճարներ'!$G$29,$J13*(1+'Մոդելներ և պարտադիր վճարներ'!$D$10))) -> 202500 | W13: =IF(COUNTIFS('Մոդելներ և պարտադիր վճարներ'!$B$35:$B$37,$D13,'Մոդելներ և պարտադիր վճարներ'!$C$35:$C$37,"ԱՁ")>0,$J13,IF(COUNTIFS('Մոդելներ և պարտադիր վճարներ'!$B$35:$B$37,$D13,'Մոդելներ և պարտադիր վճարներ'!$C$35:$C$37,"D2D")>0,'Մոդելներ և պարտադիր վճարներ'!$G$30,$J13*(1+'Մոդելներ և պարտադիր վճարներ'!$D$11))) -> 225000 | X13: =IF(COUNTIFS('Մոդելներ և պարտադիր վճարներ'!$B$35:$B$37,$D13,'Մոդելներ և պարտադիր վճարներ'!$C$35:$C$37,"ԱՁ")>0,$J13,($S13+INDEX('Մոդելներ և պարտադիր վճարներ'!$D$67:$D$71,IFERROR(MATCH($S13,'Մոդելներ և պարտադիր վճարներ'!$F$67:$F$71,1)+1,1))+INDEX('Մոդելներ և պարտադիր վճարներ'!$E$67:$E$71,IFERROR(MATCH($S13,'Մոդելներ և պարտադիր վճարներ'!$F$67:$F$71,1)+1,1)))*'Մոդելներ և պարտադիր վճարներ'!$C$59) -> 207733.33 | Y13: =IF(COUNTIFS('Մոդելներ և պարտադիր վճարներ'!$B$35:$B$37,$D13,'Մոդելներ և պարտադիր վճարներ'!$C$35:$C$37,"ԱՁ")>0,$J13,($T13+INDEX('Մոդելներ և պարտադիր վճարներ'!$D$67:$D$71,IFERROR(MATCH($T13,'Մոդելներ և պարտադիր վճարներ'!$F$67:$F$71,1)+1,1))+INDEX('Մոդելներ և պարտադիր վճարներ'!$E$67:$E$71,IFERROR(MATCH($T13,'Մոդելներ և պարտադիր վճարներ'!$F$67:$F$71,1)+1,1)))*'Մոդելներ և պարտադիր վճարներ'!$C$59) -> 237733.33 | Z13: =IF(COUNTIFS('Մոդելներ և պարտադիր վճարներ'!$B$35:$B$37,$D13,'Մոդելներ և պարտադիր վճարներ'!$C$35:$C$37,"ԱՁ")>0,$J13,($U13+INDEX('Մոդելներ և պարտադիր վճարներ'!$D$67:$D$71,IFERROR(MATCH($U13,'Մոդելներ և պարտադիր վճարներ'!$F$67:$F$71,1)+1,1))+INDEX('Մոդելներ և պարտադիր վճարներ'!$E$67:$E$71,IFERROR(MATCH($U13,'Մոդելներ և պարտադիր վճարներ'!$F$67:$F$71,1)+1,1)))*'Մոդելներ և պարտադիր վճարներ'!$C$59) -> 257733.33 | AA13: =IF(COUNTIFS('Մոդելներ և պարտադիր վճարներ'!$B$35:$B$37,$D13,'Մոդելներ և պարտադիր վճարներ'!$C$35:$C$37,"ԱՁ")>0,$J13,($V13+INDEX('Մոդելներ և պարտադիր վճարներ'!$D$67:$D$71,IFERROR(MATCH($V13,'Մոդելներ և պարտադիր վճարներ'!$F$67:$F$71,1)+1,1))+INDEX('Մոդելներ և պարտադիր վճարներ'!$E$67:$E$71,IFERROR(MATCH($V13,'Մոդելներ և պարտադիր վճարներ'!$F$67:$F$71,1)+1,1)))*'Մոդելներ և պարտադիր վճարներ'!$C$59) -> 277733.33 | AB13: =IF(COUNTIFS('Մոդելներ և պարտադիր վճարներ'!$B$35:$B$37,$D13,'Մոդելներ և պարտադիր վճարներ'!$C$35:$C$37,"ԱՁ")>0,$J13,($W13+INDEX('Մոդելներ և պարտադիր վճարներ'!$D$67:$D$71,IFERROR(MATCH($W13,'Մոդելներ և պարտադիր վճարներ'!$F$67:$F$71,1)+1,1))+INDEX('Մոդելներ և պարտադիր վճարներ'!$E$67:$E$71,IFERROR(MATCH($W13,'Մոդելներ և պարտադիր վճարներ'!$F$67:$F$71,1)+1,1)))*'Մոդելներ և պարտադիր վճարներ'!$C$59) -> 307733.33 | AC13: =IF(COUNTIFS('Մոդելներ և պարտադիր վճարներ'!$B$35:$B$37,$D13,'Մոդելներ և պարտադիր վճարներ'!$C$35:$C$37,"ԱՁ")>0,"Աստիճաններ չեն կիրառվում — հաշիվ-ապրանքագիր",IF(COUNTIFS('Մոդելներ և պարտադիր վճարներ'!$B$35:$B$37,$D13,'Մոդելներ և պարտադիր վճարներ'!$C$35:$C$37,"D2D")>0,"Աստիճաններ չեն կիրառվում — տես D2D բաժինը","Ֆիքս × (1 + աստիճանի %)")) -> Ֆիքս × (1 + աստիճանի %) | AD13: Մարքեթինգի ղեկավար
B14: Կոմերցիոն | C14: Մարքեթինգ | D14: SMM մասնագետ | E14: 1 | F14: 1 | G14: 0 | H14: =$F14-$G14 -> 1 | I14: Կարևոր | J14: 150000 | K14: =IF(COUNTIFS('Մոդելներ և պարտադիր վճարներ'!$B$35:$B$37,$D14,'Մոդելներ և պարտադիր վճարներ'!$C$35:$C$37,"ԱՁ")>0,0,$O14*'Մոդելներ և պարտադիր վճարներ'!$C$57) -> 41546.667 | L14: =IF(COUNTIFS('Մոդելներ և պարտադիր վճարներ'!$B$35:$B$37,$D14,'Մոդելներ և պարտադիր վճարներ'!$C$35:$C$37,"ԱՁ")>0,0,$O14*'Մոդելներ և պարտադիր վճարներ'!$C$58) -> 10386.667 | M14: =IF(COUNTIFS('Մոդելներ և պարտադիր վճարներ'!$B$35:$B$37,$D14,'Մոդելներ և պարտադիր վճարներ'!$C$35:$C$37,"ԱՁ")>0,0,INDEX('Մոդելներ և պարտադիր վճարներ'!$D$67:$D$71,IFERROR(MATCH(IFERROR(INDEX('Մոդելներ և պարտադիր վճարներ'!$D$35:$D$37,MATCH($D14,'Մոդելներ և պարտադիր վճարներ'!$B$35:$B$37,0)),$J14*(1+'Մոդելներ և պարտադիր վճարներ'!$C$60)),'Մոդելներ և պարտադիր վճարներ'!$F$67:$F$71,1)+1,1))) -> 1000 | N14: =IF(COUNTIFS('Մոդելներ և պարտադիր վճարներ'!$B$35:$B$37,$D14,'Մոդելներ և պարտադիր վճարներ'!$C$35:$C$37,"ԱՁ")>0,0,INDEX('Մոդելներ և պարտադիր վճարներ'!$E$67:$E$71,IFERROR(MATCH(IFERROR(INDEX('Մոդելներ և պարտադիր վճարներ'!$D$35:$D$37,MATCH($D14,'Մոդելներ և պարտադիր վճարներ'!$B$35:$B$37,0)),$J14*(1+'Մոդելներ և պարտադիր վճարներ'!$C$60)),'Մոդելներ և պարտադիր վճարներ'!$F$67:$F$71,1)+1,1))) -> 4800 | O14: =IF(COUNTIFS('Մոդելներ և պարտադիր վճարներ'!$B$35:$B$37,$D14,'Մոդելներ և պարտադիր վճարներ'!$C$35:$C$37,"ԱՁ")>0,$J14,($J14+$M14+$N14)*'Մոդելներ և պարտադիր վճարներ'!$C$59) -> 207733.33 | P14: =F14*$J14 -> 150000 | Q14: =O14*F14 -> 207733.33 | R14: =IF(COUNTIFS('Մոդելներ և պարտադիր վճարներ'!$B$35:$B$37,$D14,'Մոդելներ և պարտադիր վճարներ'!$C$35:$C$37,"ԱՁ")>0,"Գ. ԱՁ",IF(COUNTIFS('Մոդելներ և պարտադիր վճարներ'!$B$35:$B$37,$D14,'Մոդելներ և պարտադիր վճարներ'!$C$35:$C$37,"D2D")>0,"Բ. D2D","Ա. Ֆիքս + KPI բոնուս")) -> Ա. Ֆիքս + KPI բոնուս | S14: =IF(COUNTIFS('Մոդելներ և պարտադիր վճարներ'!$B$35:$B$37,$D14,'Մոդելներ և պարտադիր վճարներ'!$C$35:$C$37,"ԱՁ")>0,$J14,IF(COUNTIFS('Մոդելներ և պարտադիր վճարներ'!$B$35:$B$37,$D14,'Մոդելներ և պարտադիր վճարներ'!$C$35:$C$37,"D2D")>0,'Մոդելներ և պարտադիր վճարներ'!$G$26,$J14*(1+'Մոդելներ և պարտադիր վճարներ'!$D$7))) -> 150000 | T14: =IF(COUNTIFS('Մոդելներ և պարտադիր վճարներ'!$B$35:$B$37,$D14,'Մոդելներ և պարտադիր վճարներ'!$C$35:$C$37,"ԱՁ")>0,$J14,IF(COUNTIFS('Մոդելներ և պարտադիր վճարներ'!$B$35:$B$37,$D14,'Մոդելներ և պարտադիր վճարներ'!$C$35:$C$37,"D2D")>0,'Մոդելներ և պարտադիր վճարներ'!$G$27,$J14*(1+'Մոդելներ և պարտադիր վճարներ'!$D$8))) -> 172500 | U14: =IF(COUNTIFS('Մոդելներ և պարտադիր վճարներ'!$B$35:$B$37,$D14,'Մոդելներ և պարտադիր վճարներ'!$C$35:$C$37,"ԱՁ")>0,$J14,IF(COUNTIFS('Մոդելներ և պարտադիր վճարներ'!$B$35:$B$37,$D14,'Մոդելներ և պարտադիր վճարներ'!$C$35:$C$37,"D2D")>0,'Մոդելներ և պարտադիր վճարներ'!$G$28,$J14*(1+'Մոդելներ և պարտադիր վճարներ'!$D$9))) -> 187500 | V14: =IF(COUNTIFS('Մոդելներ և պարտադիր վճարներ'!$B$35:$B$37,$D14,'Մոդելներ և պարտադիր վճարներ'!$C$35:$C$37,"ԱՁ")>0,$J14,IF(COUNTIFS('Մոդելներ և պարտադիր վճարներ'!$B$35:$B$37,$D14,'Մոդելներ և պարտադիր վճարներ'!$C$35:$C$37,"D2D")>0,'Մոդելներ և պարտադիր վճարներ'!$G$29,$J14*(1+'Մոդելներ և պարտադիր վճարներ'!$D$10))) -> 202500 | W14: =IF(COUNTIFS('Մոդելներ և պարտադիր վճարներ'!$B$35:$B$37,$D14,'Մոդելներ և պարտադիր վճարներ'!$C$35:$C$37,"ԱՁ")>0,$J14,IF(COUNTIFS('Մոդելներ և պարտադիր վճարներ'!$B$35:$B$37,$D14,'Մոդելներ և պարտադիր վճարներ'!$C$35:$C$37,"D2D")>0,'Մոդելներ և պարտադիր վճարներ'!$G$30,$J14*(1+'Մոդելներ և պարտադիր վճարներ'!$D$11))) -> 225000 | X14: =IF(COUNTIFS('Մոդելներ և պարտադիր վճարներ'!$B$35:$B$37,$D14,'Մոդելներ և պարտադիր վճարներ'!$C$35:$C$37,"ԱՁ")>0,$J14,($S14+INDEX('Մոդելներ և պարտադիր վճարներ'!$D$67:$D$71,IFERROR(MATCH($S14,'Մոդելներ և պարտադիր վճարներ'!$F$67:$F$71,1)+1,1))+INDEX('Մոդելներ և պարտադիր վճարներ'!$E$67:$E$71,IFERROR(MATCH($S14,'Մոդելներ և պարտադիր վճարներ'!$F$67:$F$71,1)+1,1)))*'Մոդելներ և պարտադիր վճարներ'!$C$59) -> 207733.33 | Y14: =IF(COUNTIFS('Մոդելներ և պարտադիր վճարներ'!$B$35:$B$37,$D14,'Մոդելներ և պարտադիր վճարներ'!$C$35:$C$37,"ԱՁ")>0,$J14,($T14+INDEX('Մոդելներ և պարտադիր վճարներ'!$D$67:$D$71,IFERROR(MATCH($T14,'Մոդելներ և պարտադիր վճարներ'!$F$67:$F$71,1)+1,1))+INDEX('Մոդելներ և պարտադիր վճարներ'!$E$67:$E$71,IFERROR(MATCH($T14,'Մոդելներ և պարտադիր վճարներ'!$F$67:$F$71,1)+1,1)))*'Մոդելներ և պարտադիր վճարներ'!$C$59) -> 237733.33 | Z14: =IF(COUNTIFS('Մոդելներ և պարտադիր վճարներ'!$B$35:$B$37,$D14,'Մոդելներ և պարտադիր վճարներ'!$C$35:$C$37,"ԱՁ")>0,$J14,($U14+INDEX('Մոդելներ և պարտադիր վճարներ'!$D$67:$D$71,IFERROR(MATCH($U14,'Մոդելներ և պարտադիր վճարներ'!$F$67:$F$71,1)+1,1))+INDEX('Մոդելներ և պարտադիր վճարներ'!$E$67:$E$71,IFERROR(MATCH($U14,'Մոդելներ և պարտադիր վճարներ'!$F$67:$F$71,1)+1,1)))*'Մոդելներ և պարտադիր վճարներ'!$C$59) -> 257733.33 | AA14: =IF(COUNTIFS('Մոդելներ և պարտադիր վճարներ'!$B$35:$B$37,$D14,'Մոդելներ և պարտադիր վճարներ'!$C$35:$C$37,"ԱՁ")>0,$J14,($V14+INDEX('Մոդելներ և պարտադիր վճարներ'!$D$67:$D$71,IFERROR(MATCH($V14,'Մոդելներ և պարտադիր վճարներ'!$F$67:$F$71,1)+1,1))+INDEX('Մոդելներ և պարտադիր վճարներ'!$E$67:$E$71,IFERROR(MATCH($V14,'Մոդելներ և պարտադիր վճարներ'!$F$67:$F$71,1)+1,1)))*'Մոդելներ և պարտադիր վճարներ'!$C$59) -> 277733.33 | AB14: =IF(COUNTIFS('Մոդելներ և պարտադիր վճարներ'!$B$35:$B$37,$D14,'Մոդելներ և պարտադիր վճարներ'!$C$35:$C$37,"ԱՁ")>0,$J14,($W14+INDEX('Մոդելներ և պարտադիր վճարներ'!$D$67:$D$71,IFERROR(MATCH($W14,'Մոդելներ և պարտադիր վճարներ'!$F$67:$F$71,1)+1,1))+INDEX('Մոդելներ և պարտադիր վճարներ'!$E$67:$E$71,IFERROR(MATCH($W14,'Մոդելներ և պարտադիր վճարներ'!$F$67:$F$71,1)+1,1)))*'Մոդելներ և պարտադիր վճարներ'!$C$59) -> 307733.33 | AC14: =IF(COUNTIFS('Մոդելներ և պարտադիր վճարներ'!$B$35:$B$37,$D14,'Մոդելներ և պարտադիր վճարներ'!$C$35:$C$37,"ԱՁ")>0,"Աստիճաններ չեն կիրառվում — հաշիվ-ապրանքագիր",IF(COUNTIFS('Մոդելներ և պարտադիր վճարներ'!$B$35:$B$37,$D14,'Մոդելներ և պարտադիր վճարներ'!$C$35:$C$37,"D2D")>0,"Աստիճաններ չեն կիրառվում — տես D2D բաժինը","Ֆիքս × (1 + աստիճանի %)")) -> Ֆիքս × (1 + աստիճանի %) | AD14: Մարքեթինգի ղեկավար
B15: D2D — ԱՌԱՆՁԻՆ ՀՈԴՎԱԾ (Կոմերցիոն բաժնի կազմում, հաշվարկը՝ առանձին)
B16: Կոմերցիոն | C16: Վաճառք | D16: D2D գործակալ | E16: 1 | F16: 6 | G16: 0 | H16: =$F16-$G16 -> 6 | I16: Կրիտիկական | J16: 70000 | K16: =IF(COUNTIFS('Մոդելներ և պարտադիր վճարներ'!$B$35:$B$37,$D16,'Մոդելներ և պարտադիր վճարներ'!$C$35:$C$37,"ԱՁ")>0,0,$O16*'Մոդելներ և պարտադիր վճարներ'!$C$57) -> 20213.333 | L16: =IF(COUNTIFS('Մոդելներ և պարտադիր վճարներ'!$B$35:$B$37,$D16,'Մոդելներ և պարտադիր վճարներ'!$C$35:$C$37,"ԱՁ")>0,0,$O16*'Մոդելներ և պարտադիր վճարներ'!$C$58) -> 5053.3333 | M16: =IF(COUNTIFS('Մոդելներ և պարտադիր վճարներ'!$B$35:$B$37,$D16,'Մոդելներ և պարտադիր վճարներ'!$C$35:$C$37,"ԱՁ")>0,0,INDEX('Մոդելներ և պարտադիր վճարներ'!$D$67:$D$71,IFERROR(MATCH(IFERROR(INDEX('Մոդելներ և պարտադիր վճարներ'!$D$35:$D$37,MATCH($D16,'Մոդելներ և պարտադիր վճարներ'!$B$35:$B$37,0)),$J16*(1+'Մոդելներ և պարտադիր վճարներ'!$C$60)),'Մոդելներ և պարտադիր վճարներ'!$F$67:$F$71,1)+1,1))) -> 1000 | N16: =IF(COUNTIFS('Մոդելներ և պարտադիր վճարներ'!$B$35:$B$37,$D16,'Մոդելներ և պարտադիր վճարներ'!$C$35:$C$37,"ԱՁ")>0,0,INDEX('Մոդելներ և պարտադիր վճարներ'!$E$67:$E$71,IFERROR(MATCH(IFERROR(INDEX('Մոդելներ և պարտադիր վճարներ'!$D$35:$D$37,MATCH($D16,'Մոդելներ և պարտադիր վճարներ'!$B$35:$B$37,0)),$J16*(1+'Մոդելներ և պարտադիր վճարներ'!$C$60)),'Մոդելներ և պարտադիր վճարներ'!$F$67:$F$71,1)+1,1))) -> 4800 | O16: =IF(COUNTIFS('Մոդելներ և պարտադիր վճարներ'!$B$35:$B$37,$D16,'Մոդելներ և պարտադիր վճարներ'!$C$35:$C$37,"ԱՁ")>0,$J16,($J16+$M16+$N16)*'Մոդելներ և պարտադիր վճարներ'!$C$59) -> 101066.67 | P16: =F16*$J16 -> 420000 | Q16: =O16*F16 -> 606400 | R16: =IF(COUNTIFS('Մոդելներ և պարտադիր վճարներ'!$B$35:$B$37,$D16,'Մոդելներ և պարտադիր վճարներ'!$C$35:$C$37,"ԱՁ")>0,"Գ. ԱՁ",IF(COUNTIFS('Մոդելներ և պարտադիր վճարներ'!$B$35:$B$37,$D16,'Մոդելներ և պարտադիր վճարներ'!$C$35:$C$37,"D2D")>0,"Բ. D2D","Ա. Ֆիքս + KPI բոնուս")) -> Բ. D2D | S16: =IF(COUNTIFS('Մոդելներ և պարտադիր վճարներ'!$B$35:$B$37,$D16,'Մոդելներ և պարտադիր վճարներ'!$C$35:$C$37,"ԱՁ")>0,$J16,IF(COUNTIFS('Մոդելներ և պարտադիր վճարներ'!$B$35:$B$37,$D16,'Մոդելներ և պարտադիր վճարներ'!$C$35:$C$37,"D2D")>0,'Մոդելներ և պարտադիր վճարներ'!$G$26,$J16*(1+'Մոդելներ և պարտադիր վճարներ'!$D$7))) -> 63200 | T16: =IF(COUNTIFS('Մոդելներ և պարտադիր վճարներ'!$B$35:$B$37,$D16,'Մոդելներ և պարտադիր վճարներ'!$C$35:$C$37,"ԱՁ")>0,$J16,IF(COUNTIFS('Մոդելներ և պարտադիր վճարներ'!$B$35:$B$37,$D16,'Մոդելներ և պարտադիր վճարներ'!$C$35:$C$37,"D2D")>0,'Մոդելներ և պարտադիր վճարներ'!$G$27,$J16*(1+'Մոդելներ և պարտադիր վճարներ'!$D$8))) -> 134000 | U16: =IF(COUNTIFS('Մոդելներ և պարտադիր վճարներ'!$B$35:$B$37,$D16,'Մոդելներ և պարտադիր վճարներ'!$C$35:$C$37,"ԱՁ")>0,$J16,IF(COUNTIFS('Մոդելներ և պարտադիր վճարներ'!$B$35:$B$37,$D16,'Մոդելներ և պարտադիր վճարներ'!$C$35:$C$37,"D2D")>0,'Մոդելներ և պարտադիր վճարներ'!$G$28,$J16*(1+'Մոդելներ և պարտադիր վճարներ'!$D$9))) -> 142000 | V16: =IF(COUNTIFS('Մոդելներ և պարտադիր վճարներ'!$B$35:$B$37,$D16,'Մոդելներ և պարտադիր վճարներ'!$C$35:$C$37,"ԱՁ")>0,$J16,IF(COUNTIFS('Մոդելներ և պարտադիր վճարներ'!$B$35:$B$37,$D16,'Մոդելներ և պարտադիր վճարներ'!$C$35:$C$37,"D2D")>0,'Մոդելներ և պարտադիր վճարներ'!$G$29,$J16*(1+'Մոդելներ և պարտադիր վճարներ'!$D$10))) -> 150000 | W16: =IF(COUNTIFS('Մոդելներ և պարտադիր վճարներ'!$B$35:$B$37,$D16,'Մոդելներ և պարտադիր վճարներ'!$C$35:$C$37,"ԱՁ")>0,$J16,IF(COUNTIFS('Մոդելներ և պարտադիր վճարներ'!$B$35:$B$37,$D16,'Մոդելներ և պարտադիր վճարներ'!$C$35:$C$37,"D2D")>0,'Մոդելներ և պարտադիր վճարներ'!$G$30,$J16*(1+'Մոդելներ և պարտադիր վճարներ'!$D$11))) -> 166000 | X16: =IF(COUNTIFS('Մոդելներ և պարտադիր վճարներ'!$B$35:$B$37,$D16,'Մոդելներ և պարտադիր վճարներ'!$C$35:$C$37,"ԱՁ")>0,$J16,($S16+INDEX('Մոդելներ և պարտադիր վճարներ'!$D$67:$D$71,IFERROR(MATCH($S16,'Մոդելներ և պարտադիր վճարներ'!$F$67:$F$71,1)+1,1))+INDEX('Մոդելներ և պարտադիր վճարներ'!$E$67:$E$71,IFERROR(MATCH($S16,'Մոդելներ և պարտադիր վճարներ'!$F$67:$F$71,1)+1,1)))*'Մոդելներ և պարտադիր վճարներ'!$C$59) -> 85600 | Y16: =IF(COUNTIFS('Մոդելներ և պարտադիր վճարներ'!$B$35:$B$37,$D16,'Մոդելներ և պարտադիր վճարներ'!$C$35:$C$37,"ԱՁ")>0,$J16,($T16+INDEX('Մոդելներ և պարտադիր վճարներ'!$D$67:$D$71,IFERROR(MATCH($T16,'Մոդելներ և պարտադիր վճարներ'!$F$67:$F$71,1)+1,1))+INDEX('Մոդելներ և պարտադիր վճարներ'!$E$67:$E$71,IFERROR(MATCH($T16,'Մոդելներ և պարտադիր վճարներ'!$F$67:$F$71,1)+1,1)))*'Մոդելներ և պարտադիր վճարներ'!$C$59) -> 180000 | Z16: =IF(COUNTIFS('Մոդելներ և պարտադիր վճարներ'!$B$35:$B$37,$D16,'Մոդելներ և պարտադիր վճարներ'!$C$35:$C$37,"ԱՁ")>0,$J16,($U16+INDEX('Մոդելներ և պարտադիր վճարներ'!$D$67:$D$71,IFERROR(MATCH($U16,'Մոդելներ և պարտադիր վճարներ'!$F$67:$F$71,1)+1,1))+INDEX('Մոդելներ և պարտադիր վճարներ'!$E$67:$E$71,IFERROR(MATCH($U16,'Մոդելներ և պարտադիր վճարներ'!$F$67:$F$71,1)+1,1)))*'Մոդելներ և պարտադիր վճարներ'!$C$59) -> 190666.67 | AA16: =IF(COUNTIFS('Մոդելներ և պարտադիր վճարներ'!$B$35:$B$37,$D16,'Մոդելներ և պարտադիր վճարներ'!$C$35:$C$37,"ԱՁ")>0,$J16,($V16+INDEX('Մոդելներ և պարտադիր վճարներ'!$D$67:$D$71,IFERROR(MATCH($V16,'Մոդելներ և պարտադիր վճարներ'!$F$67:$F$71,1)+1,1))+INDEX('Մոդելներ և պարտադիր վճարներ'!$E$67:$E$71,IFERROR(MATCH($V16,'Մոդելներ և պարտադիր վճարներ'!$F$67:$F$71,1)+1,1)))*'Մոդելներ և պարտադիր վճարներ'!$C$59) -> 207733.33 | AB16: =IF(COUNTIFS('Մոդելներ և պարտադիր վճարներ'!$B$35:$B$37,$D16,'Մոդելներ և պարտադիր վճարներ'!$C$35:$C$37,"ԱՁ")>0,$J16,($W16+INDEX('Մոդելներ և պարտադիր վճարներ'!$D$67:$D$71,IFERROR(MATCH($W16,'Մոդելներ և պարտադիր վճարներ'!$F$67:$F$71,1)+1,1))+INDEX('Մոդելներ և պարտադիր վճարներ'!$E$67:$E$71,IFERROR(MATCH($W16,'Մոդելներ և պարտադիր վճարներ'!$F$67:$F$71,1)+1,1)))*'Մոդելներ և պարտադիր վճարներ'!$C$59) -> 229066.67 | AC16: =IF(COUNTIFS('Մոդելներ և պարտադիր վճարներ'!$B$35:$B$37,$D16,'Մոդելներ և պարտադիր վճարներ'!$C$35:$C$37,"ԱՁ")>0,"Աստիճաններ չեն կիրառվում — հաշիվ-ապրանքագիր",IF(COUNTIFS('Մոդելներ և պարտադիր վճարներ'!$B$35:$B$37,$D16,'Մոդելներ և պարտադիր վճարներ'!$C$35:$C$37,"D2D")>0,"Աստիճաններ չեն կիրառվում — տես D2D բաժինը","Ֆիքս × (1 + աստիճանի %)")) -> Աստիճաններ չեն կիրառվում — տես D2D բաժինը | AD16: Վաճառքի ղեկավար
B17: ԸՆԴԱՄԵՆԸ D2D | F17: =F16 -> 6 | G17: =G16 -> 0 | H17: =H16 -> 6 | J17: =J16 -> 70000 | K17: =K16 -> 20213.333 | L17: =L16 -> 5053.3333 | M17: =M16 -> 1000 | N17: =N16 -> 4800 | O17: =O16 -> 101066.67 | P17: =P16 -> 420000 | Q17: =Q16 -> 606400 | S17: =S16*$F16 -> 379200 | T17: =T16*$F16 -> 804000 | U17: =U16*$F16 -> 852000 | V17: =V16*$F16 -> 900000 | W17: =W16*$F16 -> 996000 | X17: =X16*$F16 -> 513600 | Y17: =Y16*$F16 -> 1080000 | Z17: =Z16*$F16 -> 1144000 | ... AB17: =AB16*$F16 -> 1374400
B18: ԸՆԴԱՄԵՆԸ Կոմերցիոն առանց D2D | F18: =SUM(F7:F14) -> 13 | G18: =SUM(G7:G14) -> 6 | H18: =SUM(H7:H14) -> 7 | J18: =SUM(J7:J14) -> 1320000 | K18: =SUM(K7:K14) -> 365973.33 | L18: =SUM(L7:L14) -> 91493.333 | M18: =SUM(M7:M14) -> 8000 | N18: =SUM(N7:N14) -> 44400 | O18: =SUM(O7:O14) -> 1829866.7 | P18: =SUM(P7:P14) -> 1960000 | Q18: =SUM(Q7:Q14) -> 2721866.7 | S18: =SUMPRODUCT($S$7:$S$14,$F$7:$F$14) -> 1960000 | T18: =SUMPRODUCT($T$7:$T$14,$F$7:$F$14) -> 2254000 | U18: =SUMPRODUCT($U$7:$U$14,$F$7:$F$14) -> 2450000 | V18: =SUMPRODUCT($V$7:$V$14,$F$7:$F$14) -> 2646000 | W18: =SUMPRODUCT($W$7:$W$14,$F$7:$F$14) -> 2940000 | X18: =SUMPRODUCT($X$7:$X$14,$F$7:$F$14) -> 2681866.7 | Y18: =SUMPRODUCT($Y$7:$Y$14,$F$7:$F$14) -> 3081866.7 | Z18: =SUMPRODUCT($Z$7:$Z$14,$F$7:$F$14) -> 3362400 | AA18: =SUMPRODUCT($AA$7:$AA$14,$F$7:$F$14) -> 3623733.3 | AB18: =SUMPRODUCT($AB$7:$AB$14,$F$7:$F$14) -> 4028533.3
B19: ԸՆԴԱՄԵՆԸ Կոմերցիոն (D2D-ով) | F19: =F18+F17 -> 19 | G19: =G18+G17 -> 6 | H19: =H18+H17 -> 13 | J19: =J18+J17 -> 1390000 | K19: =K18+K17 -> 386186.67 | L19: =L18+L17 -> 96546.667 | M19: =M18+M17 -> 9000 | N19: =N18+N17 -> 49200 | O19: =O18+O17 -> 1930933.3 | P19: =P18+P17 -> 2380000 | Q19: =Q18+Q17 -> 3328266.7 | S19: =S18+S17 -> 2339200 | T19: =T18+T17 -> 3058000 | U19: =U18+U17 -> 3302000 | V19: =V18+V17 -> 3546000 | W19: =W18+W17 -> 3936000 | X19: =X18+X17 -> 3195466.7 | Y19: =Y18+Y17 -> 4161866.7 | Z19: =Z18+Z17 -> 4506400 | ... AB19: =AB18+AB17 -> 5402933.3
B21: ՏԵԽՆԻԿԱԿԱՆ
B22: Տեխնիկական | C22: Ներտնային սպասարկում | D22: Ներտնային սպասարկման խմբի ղեկավար | E22: 1 | F22: 1 | G22: 1 | H22: =$F22-$G22 -> 0 | I22: Համալրված | J22: 200000 | K22: =IF(COUNTIFS('Մոդելներ և պարտադիր վճարներ'!$B$35:$B$37,$D22,'Մոդելներ և պարտադիր վճարներ'!$C$35:$C$37,"ԱՁ")>0,0,$O22*'Մոդելներ և պարտադիր վճարներ'!$C$57) -> 54880 | L22: =IF(COUNTIFS('Մոդելներ և պարտադիր վճարներ'!$B$35:$B$37,$D22,'Մոդելներ և պարտադիր վճարներ'!$C$35:$C$37,"ԱՁ")>0,0,$O22*'Մոդելներ և պարտադիր վճարներ'!$C$58) -> 13720 | M22: =IF(COUNTIFS('Մոդելներ և պարտադիր վճարներ'!$B$35:$B$37,$D22,'Մոդելներ և պարտադիր վճարներ'!$C$35:$C$37,"ԱՁ")>0,0,INDEX('Մոդելներ և պարտադիր վճարներ'!$D$67:$D$71,IFERROR(MATCH(IFERROR(INDEX('Մոդելներ և պարտադիր վճարներ'!$D$35:$D$37,MATCH($D22,'Մոդելներ և պարտադիր վճարներ'!$B$35:$B$37,0)),$J22*(1+'Մոդելներ և պարտադիր վճարներ'!$C$60)),'Մոդելներ և պարտադիր վճարներ'!$F$67:$F$71,1)+1,1))) -> 1000 | N22: =IF(COUNTIFS('Մոդելներ և պարտադիր վճարներ'!$B$35:$B$37,$D22,'Մոդելներ և պարտադիր վճարներ'!$C$35:$C$37,"ԱՁ")>0,0,INDEX('Մոդելներ և պարտադիր վճարներ'!$E$67:$E$71,IFERROR(MATCH(IFERROR(INDEX('Մոդելներ և պարտադիր վճարներ'!$D$35:$D$37,MATCH($D22,'Մոդելներ և պարտադիր վճարներ'!$B$35:$B$37,0)),$J22*(1+'Մոդելներ և պարտադիր վճարներ'!$C$60)),'Մոդելներ և պարտադիր վճարներ'!$F$67:$F$71,1)+1,1))) -> 4800 | O22: =IF(COUNTIFS('Մոդելներ և պարտադիր վճարներ'!$B$35:$B$37,$D22,'Մոդելներ և պարտադիր վճարներ'!$C$35:$C$37,"ԱՁ")>0,$J22,($J22+$M22+$N22)*'Մոդելներ և պարտադիր վճարներ'!$C$59) -> 274400 | P22: =F22*$J22 -> 200000 | Q22: =O22*F22 -> 274400 | R22: =IF(COUNTIFS('Մոդելներ և պարտադիր վճարներ'!$B$35:$B$37,$D22,'Մոդելներ և պարտադիր վճարներ'!$C$35:$C$37,"ԱՁ")>0,"Գ. ԱՁ",IF(COUNTIFS('Մոդելներ և պարտադիր վճարներ'!$B$35:$B$37,$D22,'Մոդելներ և պարտադիր վճարներ'!$C$35:$C$37,"D2D")>0,"Բ. D2D","Ա. Ֆիքս + KPI բոնուս")) -> Ա. Ֆիքս + KPI բոնուս | S22: =IF(COUNTIFS('Մոդելներ և պարտադիր վճարներ'!$B$35:$B$37,$D22,'Մոդելներ և պարտադիր վճարներ'!$C$35:$C$37,"ԱՁ")>0,$J22,IF(COUNTIFS('Մոդելներ և պարտադիր վճարներ'!$B$35:$B$37,$D22,'Մոդելներ և պարտադիր վճարներ'!$C$35:$C$37,"D2D")>0,'Մոդելներ և պարտադիր վճարներ'!$G$26,$J22*(1+'Մոդելներ և պարտադիր վճարներ'!$D$7))) -> 200000 | T22: =IF(COUNTIFS('Մոդելներ և պարտադիր վճարներ'!$B$35:$B$37,$D22,'Մոդելներ և պարտադիր վճարներ'!$C$35:$C$37,"ԱՁ")>0,$J22,IF(COUNTIFS('Մոդելներ և պարտադիր վճարներ'!$B$35:$B$37,$D22,'Մոդելներ և պարտադիր վճարներ'!$C$35:$C$37,"D2D")>0,'Մոդելներ և պարտադիր վճարներ'!$G$27,$J22*(1+'Մոդելներ և պարտադիր վճարներ'!$D$8))) -> 230000 | U22: =IF(COUNTIFS('Մոդելներ և պարտադիր վճարներ'!$B$35:$B$37,$D22,'Մոդելներ և պարտադիր վճարներ'!$C$35:$C$37,"ԱՁ")>0,$J22,IF(COUNTIFS('Մոդելներ և պարտադիր վճարներ'!$B$35:$B$37,$D22,'Մոդելներ և պարտադիր վճարներ'!$C$35:$C$37,"D2D")>0,'Մոդելներ և պարտադիր վճարներ'!$G$28,$J22*(1+'Մոդելներ և պարտադիր վճարներ'!$D$9))) -> 250000 | V22: =IF(COUNTIFS('Մոդելներ և պարտադիր վճարներ'!$B$35:$B$37,$D22,'Մոդելներ և պարտադիր վճարներ'!$C$35:$C$37,"ԱՁ")>0,$J22,IF(COUNTIFS('Մոդելներ և պարտադիր վճարներ'!$B$35:$B$37,$D22,'Մոդելներ և պարտադիր վճարներ'!$C$35:$C$37,"D2D")>0,'Մոդելներ և պարտադիր վճարներ'!$G$29,$J22*(1+'Մոդելներ և պարտադիր վճարներ'!$D$10))) -> 270000 | W22: =IF(COUNTIFS('Մոդելներ և պարտադիր վճարներ'!$B$35:$B$37,$D22,'Մոդելներ և պարտադիր վճարներ'!$C$35:$C$37,"ԱՁ")>0,$J22,IF(COUNTIFS('Մոդելներ և պարտադիր վճարներ'!$B$35:$B$37,$D22,'Մոդելներ և պարտադիր վճարներ'!$C$35:$C$37,"D2D")>0,'Մոդելներ և պարտադիր վճարներ'!$G$30,$J22*(1+'Մոդելներ և պարտադիր վճարներ'!$D$11))) -> 300000 | X22: =IF(COUNTIFS('Մոդելներ և պարտադիր վճարներ'!$B$35:$B$37,$D22,'Մոդելներ և պարտադիր վճարներ'!$C$35:$C$37,"ԱՁ")>0,$J22,($S22+INDEX('Մոդելներ և պարտադիր վճարներ'!$D$67:$D$71,IFERROR(MATCH($S22,'Մոդելներ և պարտադիր վճարներ'!$F$67:$F$71,1)+1,1))+INDEX('Մոդելներ և պարտադիր վճարներ'!$E$67:$E$71,IFERROR(MATCH($S22,'Մոդելներ և պարտադիր վճարներ'!$F$67:$F$71,1)+1,1)))*'Մոդելներ և պարտադիր վճարներ'!$C$59) -> 274400 | Y22: =IF(COUNTIFS('Մոդելներ և պարտադիր վճարներ'!$B$35:$B$37,$D22,'Մոդելներ և պարտադիր վճարներ'!$C$35:$C$37,"ԱՁ")>0,$J22,($T22+INDEX('Մոդելներ և պարտադիր վճարներ'!$D$67:$D$71,IFERROR(MATCH($T22,'Մոդելներ և պարտադիր վճարներ'!$F$67:$F$71,1)+1,1))+INDEX('Մոդելներ և պարտադիր վճարներ'!$E$67:$E$71,IFERROR(MATCH($T22,'Մոդելներ և պարտադիր վճարներ'!$F$67:$F$71,1)+1,1)))*'Մոդելներ և պարտադիր վճարներ'!$C$59) -> 314400 | Z22: =IF(COUNTIFS('Մոդելներ և պարտադիր վճարներ'!$B$35:$B$37,$D22,'Մոդելներ և պարտադիր վճարներ'!$C$35:$C$37,"ԱՁ")>0,$J22,($U22+INDEX('Մոդելներ և պարտադիր վճարներ'!$D$67:$D$71,IFERROR(MATCH($U22,'Մոդելներ և պարտադիր վճարներ'!$F$67:$F$71,1)+1,1))+INDEX('Մոդելներ և պարտադիր վճարներ'!$E$67:$E$71,IFERROR(MATCH($U22,'Մոդելներ և պարտադիր վճարներ'!$F$67:$F$71,1)+1,1)))*'Մոդելներ և պարտադիր վճարներ'!$C$59) -> 341066.67 | AA22: =IF(COUNTIFS('Մոդելներ և պարտադիր վճարներ'!$B$35:$B$37,$D22,'Մոդելներ և պարտադիր վճարներ'!$C$35:$C$37,"ԱՁ")>0,$J22,($V22+INDEX('Մոդելներ և պարտադիր վճարներ'!$D$67:$D$71,IFERROR(MATCH($V22,'Մոդելներ և պարտադիր վճարներ'!$F$67:$F$71,1)+1,1))+INDEX('Մոդելներ և պարտադիր վճարներ'!$E$67:$E$71,IFERROR(MATCH($V22,'Մոդելներ և պարտադիր վճարներ'!$F$67:$F$71,1)+1,1)))*'Մոդելներ և պարտադիր վճարներ'!$C$59) -> 367733.33 | AB22: =IF(COUNTIFS('Մոդելներ և պարտադիր վճարներ'!$B$35:$B$37,$D22,'Մոդելներ և պարտադիր վճարներ'!$C$35:$C$37,"ԱՁ")>0,$J22,($W22+INDEX('Մոդելներ և պարտադիր վճարներ'!$D$67:$D$71,IFERROR(MATCH($W22,'Մոդելներ և պարտադիր վճարներ'!$F$67:$F$71,1)+1,1))+INDEX('Մոդելներ և պարտադիր վճարներ'!$E$67:$E$71,IFERROR(MATCH($W22,'Մոդելներ և պարտադիր վճարներ'!$F$67:$F$71,1)+1,1)))*'Մոդելներ և պարտադիր վճարներ'!$C$59) -> 407733.33 | AC22: =IF(COUNTIFS('Մոդելներ և պարտադիր վճարներ'!$B$35:$B$37,$D22,'Մոդելներ և պարտադիր վճարներ'!$C$35:$C$37,"ԱՁ")>0,"Աստիճաններ չեն կիրառվում — հաշիվ-ապրանքագիր",IF(COUNTIFS('Մոդելներ և պարտադիր վճարներ'!$B$35:$B$37,$D22,'Մոդելներ և պարտադիր վճարներ'!$C$35:$C$37,"D2D")>0,"Աստիճաններ չեն կիրառվում — տես D2D բաժինը","Ֆիքս × (1 + աստիճանի %)")) -> Ֆիքս × (1 + աստիճանի %) | AD22: Տեխնիկական բաժնի ղեկավար
B23: Տեխնիկական | C23: Ներտնային սպասարկում | D23: Ներտնային սպասարկման մասնագետ | E23: 1 | F23: 2 | G23: 1 | H23: =$F23-$G23 -> 1 | I23: Կարող է սպասել | J23: 150000 | K23: =IF(COUNTIFS('Մոդելներ և պարտադիր վճարներ'!$B$35:$B$37,$D23,'Մոդելներ և պարտադիր վճարներ'!$C$35:$C$37,"ԱՁ")>0,0,$O23*'Մոդելներ և պարտադիր վճարներ'!$C$57) -> 41546.667 | L23: =IF(COUNTIFS('Մոդելներ և պարտադիր վճարներ'!$B$35:$B$37,$D23,'Մոդելներ և պարտադիր վճարներ'!$C$35:$C$37,"ԱՁ")>0,0,$O23*'Մոդելներ և պարտադիր վճարներ'!$C$58) -> 10386.667 | M23: =IF(COUNTIFS('Մոդելներ և պարտադիր վճարներ'!$B$35:$B$37,$D23,'Մոդելներ և պարտադիր վճարներ'!$C$35:$C$37,"ԱՁ")>0,0,INDEX('Մոդելներ և պարտադիր վճարներ'!$D$67:$D$71,IFERROR(MATCH(IFERROR(INDEX('Մոդելներ և պարտադիր վճարներ'!$D$35:$D$37,MATCH($D23,'Մոդելներ և պարտադիր վճարներ'!$B$35:$B$37,0)),$J23*(1+'Մոդելներ և պարտադիր վճարներ'!$C$60)),'Մոդելներ և պարտադիր վճարներ'!$F$67:$F$71,1)+1,1))) -> 1000 | N23: =IF(COUNTIFS('Մոդելներ և պարտադիր վճարներ'!$B$35:$B$37,$D23,'Մոդելներ և պարտադիր վճարներ'!$C$35:$C$37,"ԱՁ")>0,0,INDEX('Մոդելներ և պարտադիր վճարներ'!$E$67:$E$71,IFERROR(MATCH(IFERROR(INDEX('Մոդելներ և պարտադիր վճարներ'!$D$35:$D$37,MATCH($D23,'Մոդելներ և պարտադիր վճարներ'!$B$35:$B$37,0)),$J23*(1+'Մոդելներ և պարտադիր վճարներ'!$C$60)),'Մոդելներ և պարտադիր վճարներ'!$F$67:$F$71,1)+1,1))) -> 4800 | O23: =IF(COUNTIFS('Մոդելներ և պարտադիր վճարներ'!$B$35:$B$37,$D23,'Մոդելներ և պարտադիր վճարներ'!$C$35:$C$37,"ԱՁ")>0,$J23,($J23+$M23+$N23)*'Մոդելներ և պարտադիր վճարներ'!$C$59) -> 207733.33 | P23: =F23*$J23 -> 300000 | Q23: =O23*F23 -> 415466.67 | R23: =IF(COUNTIFS('Մոդելներ և պարտադիր վճարներ'!$B$35:$B$37,$D23,'Մոդելներ և պարտադիր վճարներ'!$C$35:$C$37,"ԱՁ")>0,"Գ. ԱՁ",IF(COUNTIFS('Մոդելներ և պարտադիր վճարներ'!$B$35:$B$37,$D23,'Մոդելներ և պարտադիր վճարներ'!$C$35:$C$37,"D2D")>0,"Բ. D2D","Ա. Ֆիքս + KPI բոնուս")) -> Ա. Ֆիքս + KPI բոնուս | S23: =IF(COUNTIFS('Մոդելներ և պարտադիր վճարներ'!$B$35:$B$37,$D23,'Մոդելներ և պարտադիր վճարներ'!$C$35:$C$37,"ԱՁ")>0,$J23,IF(COUNTIFS('Մոդելներ և պարտադիր վճարներ'!$B$35:$B$37,$D23,'Մոդելներ և պարտադիր վճարներ'!$C$35:$C$37,"D2D")>0,'Մոդելներ և պարտադիր վճարներ'!$G$26,$J23*(1+'Մոդելներ և պարտադիր վճարներ'!$D$7))) -> 150000 | T23: =IF(COUNTIFS('Մոդելներ և պարտադիր վճարներ'!$B$35:$B$37,$D23,'Մոդելներ և պարտադիր վճարներ'!$C$35:$C$37,"ԱՁ")>0,$J23,IF(COUNTIFS('Մոդելներ և պարտադիր վճարներ'!$B$35:$B$37,$D23,'Մոդելներ և պարտադիր վճարներ'!$C$35:$C$37,"D2D")>0,'Մոդելներ և պարտադիր վճարներ'!$G$27,$J23*(1+'Մոդելներ և պարտադիր վճարներ'!$D$8))) -> 172500 | U23: =IF(COUNTIFS('Մոդելներ և պարտադիր վճարներ'!$B$35:$B$37,$D23,'Մոդելներ և պարտադիր վճարներ'!$C$35:$C$37,"ԱՁ")>0,$J23,IF(COUNTIFS('Մոդելներ և պարտադիր վճարներ'!$B$35:$B$37,$D23,'Մոդելներ և պարտադիր վճարներ'!$C$35:$C$37,"D2D")>0,'Մոդելներ և պարտադիր վճարներ'!$G$28,$J23*(1+'Մոդելներ և պարտադիր վճարներ'!$D$9))) -> 187500 | V23: =IF(COUNTIFS('Մոդելներ և պարտադիր վճարներ'!$B$35:$B$37,$D23,'Մոդելներ և պարտադիր վճարներ'!$C$35:$C$37,"ԱՁ")>0,$J23,IF(COUNTIFS('Մոդելներ և պարտադիր վճարներ'!$B$35:$B$37,$D23,'Մոդելներ և պարտադիր վճարներ'!$C$35:$C$37,"D2D")>0,'Մոդելներ և պարտադիր վճարներ'!$G$29,$J23*(1+'Մոդելներ և պարտադիր վճարներ'!$D$10))) -> 202500 | W23: =IF(COUNTIFS('Մոդելներ և պարտադիր վճարներ'!$B$35:$B$37,$D23,'Մոդելներ և պարտադիր վճարներ'!$C$35:$C$37,"ԱՁ")>0,$J23,IF(COUNTIFS('Մոդելներ և պարտադիր վճարներ'!$B$35:$B$37,$D23,'Մոդելներ և պարտադիր վճարներ'!$C$35:$C$37,"D2D")>0,'Մոդելներ և պարտադիր վճարներ'!$G$30,$J23*(1+'Մոդելներ և պարտադիր վճարներ'!$D$11))) -> 225000 | X23: =IF(COUNTIFS('Մոդելներ և պարտադիր վճարներ'!$B$35:$B$37,$D23,'Մոդելներ և պարտադիր վճարներ'!$C$35:$C$37,"ԱՁ")>0,$J23,($S23+INDEX('Մոդելներ և պարտադիր վճարներ'!$D$67:$D$71,IFERROR(MATCH($S23,'Մոդելներ և պարտադիր վճարներ'!$F$67:$F$71,1)+1,1))+INDEX('Մոդելներ և պարտադիր վճարներ'!$E$67:$E$71,IFERROR(MATCH($S23,'Մոդելներ և պարտադիր վճարներ'!$F$67:$F$71,1)+1,1)))*'Մոդելներ և պարտադիր վճարներ'!$C$59) -> 207733.33 | Y23: =IF(COUNTIFS('Մոդելներ և պարտադիր վճարներ'!$B$35:$B$37,$D23,'Մոդելներ և պարտադիր վճարներ'!$C$35:$C$37,"ԱՁ")>0,$J23,($T23+INDEX('Մոդելներ և պարտադիր վճարներ'!$D$67:$D$71,IFERROR(MATCH($T23,'Մոդելներ և պարտադիր վճարներ'!$F$67:$F$71,1)+1,1))+INDEX('Մոդելներ և պարտադիր վճարներ'!$E$67:$E$71,IFERROR(MATCH($T23,'Մոդելներ և պարտադիր վճարներ'!$F$67:$F$71,1)+1,1)))*'Մոդելներ և պարտադիր վճարներ'!$C$59) -> 237733.33 | Z23: =IF(COUNTIFS('Մոդելներ և պարտադիր վճարներ'!$B$35:$B$37,$D23,'Մոդելներ և պարտադիր վճարներ'!$C$35:$C$37,"ԱՁ")>0,$J23,($U23+INDEX('Մոդելներ և պարտադիր վճարներ'!$D$67:$D$71,IFERROR(MATCH($U23,'Մոդելներ և պարտադիր վճարներ'!$F$67:$F$71,1)+1,1))+INDEX('Մոդելներ և պարտադիր վճարներ'!$E$67:$E$71,IFERROR(MATCH($U23,'Մոդելներ և պարտադիր վճարներ'!$F$67:$F$71,1)+1,1)))*'Մոդելներ և պարտադիր վճարներ'!$C$59) -> 257733.33 | AA23: =IF(COUNTIFS('Մոդելներ և պարտադիր վճարներ'!$B$35:$B$37,$D23,'Մոդելներ և պարտադիր վճարներ'!$C$35:$C$37,"ԱՁ")>0,$J23,($V23+INDEX('Մոդելներ և պարտադիր վճարներ'!$D$67:$D$71,IFERROR(MATCH($V23,'Մոդելներ և պարտադիր վճարներ'!$F$67:$F$71,1)+1,1))+INDEX('Մոդելներ և պարտադիր վճարներ'!$E$67:$E$71,IFERROR(MATCH($V23,'Մոդելներ և պարտադիր վճարներ'!$F$67:$F$71,1)+1,1)))*'Մոդելներ և պարտադիր վճարներ'!$C$59) -> 277733.33 | AB23: =IF(COUNTIFS('Մոդելներ և պարտադիր վճարներ'!$B$35:$B$37,$D23,'Մոդելներ և պարտադիր վճարներ'!$C$35:$C$37,"ԱՁ")>0,$J23,($W23+INDEX('Մոդելներ և պարտադիր վճարներ'!$D$67:$D$71,IFERROR(MATCH($W23,'Մոդելներ և պարտադիր վճարներ'!$F$67:$F$71,1)+1,1))+INDEX('Մոդելներ և պարտադիր վճարներ'!$E$67:$E$71,IFERROR(MATCH($W23,'Մոդելներ և պարտադիր վճարներ'!$F$67:$F$71,1)+1,1)))*'Մոդելներ և պարտադիր վճարներ'!$C$59) -> 307733.33 | AC23: =IF(COUNTIFS('Մոդելներ և պարտադիր վճարներ'!$B$35:$B$37,$D23,'Մոդելներ և պարտադիր վճարներ'!$C$35:$C$37,"ԱՁ")>0,"Աստիճաններ չեն կիրառվում — հաշիվ-ապրանքագիր",IF(COUNTIFS('Մոդելներ և պարտադիր վճարներ'!$B$35:$B$37,$D23,'Մոդելներ և պարտադիր վճարներ'!$C$35:$C$37,"D2D")>0,"Աստիճաններ չեն կիրառվում — տես D2D բաժինը","Ֆիքս × (1 + աստիճանի %)")) -> Ֆիքս × (1 + աստիճանի %) | AD23: Ներտնային սպասարկման խմբի ղեկավար
B24: Տեխնիկական | C24: Տեղադրում | D24: Տեղադրման խմբի ղեկավար | E24: 1 | F24: 1 | G24: 0 | H24: =$F24-$G24 -> 1 | I24: Կարևոր | J24: 200000 | K24: =IF(COUNTIFS('Մոդելներ և պարտադիր վճարներ'!$B$35:$B$37,$D24,'Մոդելներ և պարտադիր վճարներ'!$C$35:$C$37,"ԱՁ")>0,0,$O24*'Մոդելներ և պարտադիր վճարներ'!$C$57) -> 54880 | L24: =IF(COUNTIFS('Մոդելներ և պարտադիր վճարներ'!$B$35:$B$37,$D24,'Մոդելներ և պարտադիր վճարներ'!$C$35:$C$37,"ԱՁ")>0,0,$O24*'Մոդելներ և պարտադիր վճարներ'!$C$58) -> 13720 | M24: =IF(COUNTIFS('Մոդելներ և պարտադիր վճարներ'!$B$35:$B$37,$D24,'Մոդելներ և պարտադիր վճարներ'!$C$35:$C$37,"ԱՁ")>0,0,INDEX('Մոդելներ և պարտադիր վճարներ'!$D$67:$D$71,IFERROR(MATCH(IFERROR(INDEX('Մոդելներ և պարտադիր վճարներ'!$D$35:$D$37,MATCH($D24,'Մոդելներ և պարտադիր վճարներ'!$B$35:$B$37,0)),$J24*(1+'Մոդելներ և պարտադիր վճարներ'!$C$60)),'Մոդելներ և պարտադիր վճարներ'!$F$67:$F$71,1)+1,1))) -> 1000 | N24: =IF(COUNTIFS('Մոդելներ և պարտադիր վճարներ'!$B$35:$B$37,$D24,'Մոդելներ և պարտադիր վճարներ'!$C$35:$C$37,"ԱՁ")>0,0,INDEX('Մոդելներ և պարտադիր վճարներ'!$E$67:$E$71,IFERROR(MATCH(IFERROR(INDEX('Մոդելներ և պարտադիր վճարներ'!$D$35:$D$37,MATCH($D24,'Մոդելներ և պարտադիր վճարներ'!$B$35:$B$37,0)),$J24*(1+'Մոդելներ և պարտադիր վճարներ'!$C$60)),'Մոդելներ և պարտադիր վճարներ'!$F$67:$F$71,1)+1,1))) -> 4800 | O24: =IF(COUNTIFS('Մոդելներ և պարտադիր վճարներ'!$B$35:$B$37,$D24,'Մոդելներ և պարտադիր վճարներ'!$C$35:$C$37,"ԱՁ")>0,$J24,($J24+$M24+$N24)*'Մոդելներ և պարտադիր վճարներ'!$C$59) -> 274400 | P24: =F24*$J24 -> 200000 | Q24: =O24*F24 -> 274400 | R24: =IF(COUNTIFS('Մոդելներ և պարտադիր վճարներ'!$B$35:$B$37,$D24,'Մոդելներ և պարտադիր վճարներ'!$C$35:$C$37,"ԱՁ")>0,"Գ. ԱՁ",IF(COUNTIFS('Մոդելներ և պարտադիր վճարներ'!$B$35:$B$37,$D24,'Մոդելներ և պարտադիր վճարներ'!$C$35:$C$37,"D2D")>0,"Բ. D2D","Ա. Ֆիքս + KPI բոնուս")) -> Ա. Ֆիքս + KPI բոնուս | S24: =IF(COUNTIFS('Մոդելներ և պարտադիր վճարներ'!$B$35:$B$37,$D24,'Մոդելներ և պարտադիր վճարներ'!$C$35:$C$37,"ԱՁ")>0,$J24,IF(COUNTIFS('Մոդելներ և պարտադիր վճարներ'!$B$35:$B$37,$D24,'Մոդելներ և պարտադիր վճարներ'!$C$35:$C$37,"D2D")>0,'Մոդելներ և պարտադիր վճարներ'!$G$26,$J24*(1+'Մոդելներ և պարտադիր վճարներ'!$D$7))) -> 200000 | T24: =IF(COUNTIFS('Մոդելներ և պարտադիր վճարներ'!$B$35:$B$37,$D24,'Մոդելներ և պարտադիր վճարներ'!$C$35:$C$37,"ԱՁ")>0,$J24,IF(COUNTIFS('Մոդելներ և պարտադիր վճարներ'!$B$35:$B$37,$D24,'Մոդելներ և պարտադիր վճարներ'!$C$35:$C$37,"D2D")>0,'Մոդելներ և պարտադիր վճարներ'!$G$27,$J24*(1+'Մոդելներ և պարտադիր վճարներ'!$D$8))) -> 230000 | U24: =IF(COUNTIFS('Մոդելներ և պարտադիր վճարներ'!$B$35:$B$37,$D24,'Մոդելներ և պարտադիր վճարներ'!$C$35:$C$37,"ԱՁ")>0,$J24,IF(COUNTIFS('Մոդելներ և պարտադիր վճարներ'!$B$35:$B$37,$D24,'Մոդելներ և պարտադիր վճարներ'!$C$35:$C$37,"D2D")>0,'Մոդելներ և պարտադիր վճարներ'!$G$28,$J24*(1+'Մոդելներ և պարտադիր վճարներ'!$D$9))) -> 250000 | V24: =IF(COUNTIFS('Մոդելներ և պարտադիր վճարներ'!$B$35:$B$37,$D24,'Մոդելներ և պարտադիր վճարներ'!$C$35:$C$37,"ԱՁ")>0,$J24,IF(COUNTIFS('Մոդելներ և պարտադիր վճարներ'!$B$35:$B$37,$D24,'Մոդելներ և պարտադիր վճարներ'!$C$35:$C$37,"D2D")>0,'Մոդելներ և պարտադիր վճարներ'!$G$29,$J24*(1+'Մոդելներ և պարտադիր վճարներ'!$D$10))) -> 270000 | W24: =IF(COUNTIFS('Մոդելներ և պարտադիր վճարներ'!$B$35:$B$37,$D24,'Մոդելներ և պարտադիր վճարներ'!$C$35:$C$37,"ԱՁ")>0,$J24,IF(COUNTIFS('Մոդելներ և պարտադիր վճարներ'!$B$35:$B$37,$D24,'Մոդելներ և պարտադիր վճարներ'!$C$35:$C$37,"D2D")>0,'Մոդելներ և պարտադիր վճարներ'!$G$30,$J24*(1+'Մոդելներ և պարտադիր վճարներ'!$D$11))) -> 300000 | X24: =IF(COUNTIFS('Մոդելներ և պարտադիր վճարներ'!$B$35:$B$37,$D24,'Մոդելներ և պարտադիր վճարներ'!$C$35:$C$37,"ԱՁ")>0,$J24,($S24+INDEX('Մոդելներ և պարտադիր վճարներ'!$D$67:$D$71,IFERROR(MATCH($S24,'Մոդելներ և պարտադիր վճարներ'!$F$67:$F$71,1)+1,1))+INDEX('Մոդելներ և պարտադիր վճարներ'!$E$67:$E$71,IFERROR(MATCH($S24,'Մոդելներ և պարտադիր վճարներ'!$F$67:$F$71,1)+1,1)))*'Մոդելներ և պարտադիր վճարներ'!$C$59) -> 274400 | Y24: =IF(COUNTIFS('Մոդելներ և պարտադիր վճարներ'!$B$35:$B$37,$D24,'Մոդելներ և պարտադիր վճարներ'!$C$35:$C$37,"ԱՁ")>0,$J24,($T24+INDEX('Մոդելներ և պարտադիր վճարներ'!$D$67:$D$71,IFERROR(MATCH($T24,'Մոդելներ և պարտադիր վճարներ'!$F$67:$F$71,1)+1,1))+INDEX('Մոդելներ և պարտադիր վճարներ'!$E$67:$E$71,IFERROR(MATCH($T24,'Մոդելներ և պարտադիր վճարներ'!$F$67:$F$71,1)+1,1)))*'Մոդելներ և պարտադիր վճարներ'!$C$59) -> 314400 | Z24: =IF(COUNTIFS('Մոդելներ և պարտադիր վճարներ'!$B$35:$B$37,$D24,'Մոդելներ և պարտադիր վճարներ'!$C$35:$C$37,"ԱՁ")>0,$J24,($U24+INDEX('Մոդելներ և պարտադիր վճարներ'!$D$67:$D$71,IFERROR(MATCH($U24,'Մոդելներ և պարտադիր վճարներ'!$F$67:$F$71,1)+1,1))+INDEX('Մոդելներ և պարտադիր վճարներ'!$E$67:$E$71,IFERROR(MATCH($U24,'Մոդելներ և պարտադիր վճարներ'!$F$67:$F$71,1)+1,1)))*'Մոդելներ և պարտադիր վճարներ'!$C$59) -> 341066.67 | AA24: =IF(COUNTIFS('Մոդելներ և պարտադիր վճարներ'!$B$35:$B$37,$D24,'Մոդելներ և պարտադիր վճարներ'!$C$35:$C$37,"ԱՁ")>0,$J24,($V24+INDEX('Մոդելներ և պարտադիր վճարներ'!$D$67:$D$71,IFERROR(MATCH($V24,'Մոդելներ և պարտադիր վճարներ'!$F$67:$F$71,1)+1,1))+INDEX('Մոդելներ և պարտադիր վճարներ'!$E$67:$E$71,IFERROR(MATCH($V24,'Մոդելներ և պարտադիր վճարներ'!$F$67:$F$71,1)+1,1)))*'Մոդելներ և պարտադիր վճարներ'!$C$59) -> 367733.33 | AB24: =IF(COUNTIFS('Մոդելներ և պարտադիր վճարներ'!$B$35:$B$37,$D24,'Մոդելներ և պարտադիր վճարներ'!$C$35:$C$37,"ԱՁ")>0,$J24,($W24+INDEX('Մոդելներ և պարտադիր վճարներ'!$D$67:$D$71,IFERROR(MATCH($W24,'Մոդելներ և պարտադիր վճարներ'!$F$67:$F$71,1)+1,1))+INDEX('Մոդելներ և պարտադիր վճարներ'!$E$67:$E$71,IFERROR(MATCH($W24,'Մոդելներ և պարտադիր վճարներ'!$F$67:$F$71,1)+1,1)))*'Մոդելներ և պարտադիր վճարներ'!$C$59) -> 407733.33 | AC24: =IF(COUNTIFS('Մոդելներ և պարտադիր վճարներ'!$B$35:$B$37,$D24,'Մոդելներ և պարտադիր վճարներ'!$C$35:$C$37,"ԱՁ")>0,"Աստիճաններ չեն կիրառվում — հաշիվ-ապրանքագիր",IF(COUNTIFS('Մոդելներ և պարտադիր վճարներ'!$B$35:$B$37,$D24,'Մոդելներ և պարտադիր վճարներ'!$C$35:$C$37,"D2D")>0,"Աստիճաններ չեն կիրառվում — տես D2D բաժինը","Ֆիքս × (1 + աստիճանի %)")) -> Ֆիքս × (1 + աստիճանի %) | AD24: Տեխնիկական բաժնի ղեկավար
B25: Տեխնիկական | C25: Տեղադրում | D25: Տեղադրման ավագ մասնագետ | E25: 1 | F25: 3 | G25: 0 | H25: =$F25-$G25 -> 3 | I25: Կարող է սպասել | J25: 170000 | K25: =IF(COUNTIFS('Մոդելներ և պարտադիր վճարներ'!$B$35:$B$37,$D25,'Մոդելներ և պարտադիր վճարներ'!$C$35:$C$37,"ԱՁ")>0,0,$O25*'Մոդելներ և պարտադիր վճարներ'!$C$57) -> 46880 | L25: =IF(COUNTIFS('Մոդելներ և պարտադիր վճարներ'!$B$35:$B$37,$D25,'Մոդելներ և պարտադիր վճարներ'!$C$35:$C$37,"ԱՁ")>0,0,$O25*'Մոդելներ և պարտադիր վճարներ'!$C$58) -> 11720 | M25: =IF(COUNTIFS('Մոդելներ և պարտադիր վճարներ'!$B$35:$B$37,$D25,'Մոդելներ և պարտադիր վճարներ'!$C$35:$C$37,"ԱՁ")>0,0,INDEX('Մոդելներ և պարտադիր վճարներ'!$D$67:$D$71,IFERROR(MATCH(IFERROR(INDEX('Մոդելներ և պարտադիր վճարներ'!$D$35:$D$37,MATCH($D25,'Մոդելներ և պարտադիր վճարներ'!$B$35:$B$37,0)),$J25*(1+'Մոդելներ և պարտադիր վճարներ'!$C$60)),'Մոդելներ և պարտադիր վճարներ'!$F$67:$F$71,1)+1,1))) -> 1000 | N25: =IF(COUNTIFS('Մոդելներ և պարտադիր վճարներ'!$B$35:$B$37,$D25,'Մոդելներ և պարտադիր վճարներ'!$C$35:$C$37,"ԱՁ")>0,0,INDEX('Մոդելներ և պարտադիր վճարներ'!$E$67:$E$71,IFERROR(MATCH(IFERROR(INDEX('Մոդելներ և պարտադիր վճարներ'!$D$35:$D$37,MATCH($D25,'Մոդելներ և պարտադիր վճարներ'!$B$35:$B$37,0)),$J25*(1+'Մոդելներ և պարտադիր վճարներ'!$C$60)),'Մոդելներ և պարտադիր վճարներ'!$F$67:$F$71,1)+1,1))) -> 4800 | O25: =IF(COUNTIFS('Մոդելներ և պարտադիր վճարներ'!$B$35:$B$37,$D25,'Մոդելներ և պարտադիր վճարներ'!$C$35:$C$37,"ԱՁ")>0,$J25,($J25+$M25+$N25)*'Մոդելներ և պարտադիր վճարներ'!$C$59) -> 234400 | P25: =F25*$J25 -> 510000 | Q25: =O25*F25 -> 703200 | R25: =IF(COUNTIFS('Մոդելներ և պարտադիր վճարներ'!$B$35:$B$37,$D25,'Մոդելներ և պարտադիր վճարներ'!$C$35:$C$37,"ԱՁ")>0,"Գ. ԱՁ",IF(COUNTIFS('Մոդելներ և պարտադիր վճարներ'!$B$35:$B$37,$D25,'Մոդելներ և պարտադիր վճարներ'!$C$35:$C$37,"D2D")>0,"Բ. D2D","Ա. Ֆիքս + KPI բոնուս")) -> Ա. Ֆիքս + KPI բոնուս | S25: =IF(COUNTIFS('Մոդելներ և պարտադիր վճարներ'!$B$35:$B$37,$D25,'Մոդելներ և պարտադիր վճարներ'!$C$35:$C$37,"ԱՁ")>0,$J25,IF(COUNTIFS('Մոդելներ և պարտադիր վճարներ'!$B$35:$B$37,$D25,'Մոդելներ և պարտադիր վճարներ'!$C$35:$C$37,"D2D")>0,'Մոդելներ և պարտադիր վճարներ'!$G$26,$J25*(1+'Մոդելներ և պարտադիր վճարներ'!$D$7))) -> 170000 | T25: =IF(COUNTIFS('Մոդելներ և պարտադիր վճարներ'!$B$35:$B$37,$D25,'Մոդելներ և պարտադիր վճարներ'!$C$35:$C$37,"ԱՁ")>0,$J25,IF(COUNTIFS('Մոդելներ և պարտադիր վճարներ'!$B$35:$B$37,$D25,'Մոդելներ և պարտադիր վճարներ'!$C$35:$C$37,"D2D")>0,'Մոդելներ և պարտադիր վճարներ'!$G$27,$J25*(1+'Մոդելներ և պարտադիր վճարներ'!$D$8))) -> 195500 | U25: =IF(COUNTIFS('Մոդելներ և պարտադիր վճարներ'!$B$35:$B$37,$D25,'Մոդելներ և պարտադիր վճարներ'!$C$35:$C$37,"ԱՁ")>0,$J25,IF(COUNTIFS('Մոդելներ և պարտադիր վճարներ'!$B$35:$B$37,$D25,'Մոդելներ և պարտադիր վճարներ'!$C$35:$C$37,"D2D")>0,'Մոդելներ և պարտադիր վճարներ'!$G$28,$J25*(1+'Մոդելներ և պարտադիր վճարներ'!$D$9))) -> 212500 | V25: =IF(COUNTIFS('Մոդելներ և պարտադիր վճարներ'!$B$35:$B$37,$D25,'Մոդելներ և պարտադիր վճարներ'!$C$35:$C$37,"ԱՁ")>0,$J25,IF(COUNTIFS('Մոդելներ և պարտադիր վճարներ'!$B$35:$B$37,$D25,'Մոդելներ և պարտադիր վճարներ'!$C$35:$C$37,"D2D")>0,'Մոդելներ և պարտադիր վճարներ'!$G$29,$J25*(1+'Մոդելներ և պարտադիր վճարներ'!$D$10))) -> 229500 | W25: =IF(COUNTIFS('Մոդելներ և պարտադիր վճարներ'!$B$35:$B$37,$D25,'Մոդելներ և պարտադիր վճարներ'!$C$35:$C$37,"ԱՁ")>0,$J25,IF(COUNTIFS('Մոդելներ և պարտադիր վճարներ'!$B$35:$B$37,$D25,'Մոդելներ և պարտադիր վճարներ'!$C$35:$C$37,"D2D")>0,'Մոդելներ և պարտադիր վճարներ'!$G$30,$J25*(1+'Մոդելներ և պարտադիր վճարներ'!$D$11))) -> 255000 | X25: =IF(COUNTIFS('Մոդելներ և պարտադիր վճարներ'!$B$35:$B$37,$D25,'Մոդելներ և պարտադիր վճարներ'!$C$35:$C$37,"ԱՁ")>0,$J25,($S25+INDEX('Մոդելներ և պարտադիր վճարներ'!$D$67:$D$71,IFERROR(MATCH($S25,'Մոդելներ և պարտադիր վճարներ'!$F$67:$F$71,1)+1,1))+INDEX('Մոդելներ և պարտադիր վճարներ'!$E$67:$E$71,IFERROR(MATCH($S25,'Մոդելներ և պարտադիր վճարներ'!$F$67:$F$71,1)+1,1)))*'Մոդելներ և պարտադիր վճարներ'!$C$59) -> 234400 | Y25: =IF(COUNTIFS('Մոդելներ և պարտադիր վճարներ'!$B$35:$B$37,$D25,'Մոդելներ և պարտադիր վճարներ'!$C$35:$C$37,"ԱՁ")>0,$J25,($T25+INDEX('Մոդելներ և պարտադիր վճարներ'!$D$67:$D$71,IFERROR(MATCH($T25,'Մոդելներ և պարտադիր վճարներ'!$F$67:$F$71,1)+1,1))+INDEX('Մոդելներ և պարտադիր վճարներ'!$E$67:$E$71,IFERROR(MATCH($T25,'Մոդելներ և պարտադիր վճարներ'!$F$67:$F$71,1)+1,1)))*'Մոդելներ և պարտադիր վճարներ'!$C$59) -> 268400 | Z25: =IF(COUNTIFS('Մոդելներ և պարտադիր վճարներ'!$B$35:$B$37,$D25,'Մոդելներ և պարտադիր վճարներ'!$C$35:$C$37,"ԱՁ")>0,$J25,($U25+INDEX('Մոդելներ և պարտադիր վճարներ'!$D$67:$D$71,IFERROR(MATCH($U25,'Մոդելներ և պարտադիր վճարներ'!$F$67:$F$71,1)+1,1))+INDEX('Մոդելներ և պարտադիր վճարներ'!$E$67:$E$71,IFERROR(MATCH($U25,'Մոդելներ և պարտադիր վճարներ'!$F$67:$F$71,1)+1,1)))*'Մոդելներ և պարտադիր վճարներ'!$C$59) -> 291066.67 | AA25: =IF(COUNTIFS('Մոդելներ և պարտադիր վճարներ'!$B$35:$B$37,$D25,'Մոդելներ և պարտադիր վճարներ'!$C$35:$C$37,"ԱՁ")>0,$J25,($V25+INDEX('Մոդելներ և պարտադիր վճարներ'!$D$67:$D$71,IFERROR(MATCH($V25,'Մոդելներ և պարտադիր վճարներ'!$F$67:$F$71,1)+1,1))+INDEX('Մոդելներ և պարտադիր վճարներ'!$E$67:$E$71,IFERROR(MATCH($V25,'Մոդելներ և պարտադիր վճարներ'!$F$67:$F$71,1)+1,1)))*'Մոդելներ և պարտադիր վճարներ'!$C$59) -> 313733.33 | AB25: =IF(COUNTIFS('Մոդելներ և պարտադիր վճարներ'!$B$35:$B$37,$D25,'Մոդելներ և պարտադիր վճարներ'!$C$35:$C$37,"ԱՁ")>0,$J25,($W25+INDEX('Մոդելներ և պարտադիր վճարներ'!$D$67:$D$71,IFERROR(MATCH($W25,'Մոդելներ և պարտադիր վճարներ'!$F$67:$F$71,1)+1,1))+INDEX('Մոդելներ և պարտադիր վճարներ'!$E$67:$E$71,IFERROR(MATCH($W25,'Մոդելներ և պարտադիր վճարներ'!$F$67:$F$71,1)+1,1)))*'Մոդելներ և պարտադիր վճարներ'!$C$59) -> 347733.33 | AC25: =IF(COUNTIFS('Մոդելներ և պարտադիր վճարներ'!$B$35:$B$37,$D25,'Մոդելներ և պարտադիր վճարներ'!$C$35:$C$37,"ԱՁ")>0,"Աստիճաններ չեն կիրառվում — հաշիվ-ապրանքագիր",IF(COUNTIFS('Մոդելներ և պարտադիր վճարներ'!$B$35:$B$37,$D25,'Մոդելներ և պարտադիր վճարներ'!$C$35:$C$37,"D2D")>0,"Աստիճաններ չեն կիրառվում — տես D2D բաժինը","Ֆիքս × (1 + աստիճանի %)")) -> Ֆիքս × (1 + աստիճանի %) | AD25: Տեղադրման խմբի ղեկավար
B26: Տեխնիկական | C26: Տեղադրում | D26: Տեղադրման մասնագետ | E26: 1 | F26: 3 | G26: 2 | H26: =$F26-$G26 -> 1 | I26: Կրիտիկական | J26: 150000 | K26: =IF(COUNTIFS('Մոդելներ և պարտադիր վճարներ'!$B$35:$B$37,$D26,'Մոդելներ և պարտադիր վճարներ'!$C$35:$C$37,"ԱՁ")>0,0,$O26*'Մոդելներ և պարտադիր վճարներ'!$C$57) -> 41546.667 | L26: =IF(COUNTIFS('Մոդելներ և պարտադիր վճարներ'!$B$35:$B$37,$D26,'Մոդելներ և պարտադիր վճարներ'!$C$35:$C$37,"ԱՁ")>0,0,$O26*'Մոդելներ և պարտադիր վճարներ'!$C$58) -> 10386.667 | M26: =IF(COUNTIFS('Մոդելներ և պարտադիր վճարներ'!$B$35:$B$37,$D26,'Մոդելներ և պարտադիր վճարներ'!$C$35:$C$37,"ԱՁ")>0,0,INDEX('Մոդելներ և պարտադիր վճարներ'!$D$67:$D$71,IFERROR(MATCH(IFERROR(INDEX('Մոդելներ և պարտադիր վճարներ'!$D$35:$D$37,MATCH($D26,'Մոդելներ և պարտադիր վճարներ'!$B$35:$B$37,0)),$J26*(1+'Մոդելներ և պարտադիր վճարներ'!$C$60)),'Մոդելներ և պարտադիր վճարներ'!$F$67:$F$71,1)+1,1))) -> 1000 | N26: =IF(COUNTIFS('Մոդելներ և պարտադիր վճարներ'!$B$35:$B$37,$D26,'Մոդելներ և պարտադիր վճարներ'!$C$35:$C$37,"ԱՁ")>0,0,INDEX('Մոդելներ և պարտադիր վճարներ'!$E$67:$E$71,IFERROR(MATCH(IFERROR(INDEX('Մոդելներ և պարտադիր վճարներ'!$D$35:$D$37,MATCH($D26,'Մոդելներ և պարտադիր վճարներ'!$B$35:$B$37,0)),$J26*(1+'Մոդելներ և պարտադիր վճարներ'!$C$60)),'Մոդելներ և պարտադիր վճարներ'!$F$67:$F$71,1)+1,1))) -> 4800 | O26: =IF(COUNTIFS('Մոդելներ և պարտադիր վճարներ'!$B$35:$B$37,$D26,'Մոդելներ և պարտադիր վճարներ'!$C$35:$C$37,"ԱՁ")>0,$J26,($J26+$M26+$N26)*'Մոդելներ և պարտադիր վճարներ'!$C$59) -> 207733.33 | P26: =F26*$J26 -> 450000 | Q26: =O26*F26 -> 623200 | R26: =IF(COUNTIFS('Մոդելներ և պարտադիր վճարներ'!$B$35:$B$37,$D26,'Մոդելներ և պարտադիր վճարներ'!$C$35:$C$37,"ԱՁ")>0,"Գ. ԱՁ",IF(COUNTIFS('Մոդելներ և պարտադիր վճարներ'!$B$35:$B$37,$D26,'Մոդելներ և պարտադիր վճարներ'!$C$35:$C$37,"D2D")>0,"Բ. D2D","Ա. Ֆիքս + KPI բոնուս")) -> Ա. Ֆիքս + KPI բոնուս | S26: =IF(COUNTIFS('Մոդելներ և պարտադիր վճարներ'!$B$35:$B$37,$D26,'Մոդելներ և պարտադիր վճարներ'!$C$35:$C$37,"ԱՁ")>0,$J26,IF(COUNTIFS('Մոդելներ և պարտադիր վճարներ'!$B$35:$B$37,$D26,'Մոդելներ և պարտադիր վճարներ'!$C$35:$C$37,"D2D")>0,'Մոդելներ և պարտադիր վճարներ'!$G$26,$J26*(1+'Մոդելներ և պարտադիր վճարներ'!$D$7))) -> 150000 | T26: =IF(COUNTIFS('Մոդելներ և պարտադիր վճարներ'!$B$35:$B$37,$D26,'Մոդելներ և պարտադիր վճարներ'!$C$35:$C$37,"ԱՁ")>0,$J26,IF(COUNTIFS('Մոդելներ և պարտադիր վճարներ'!$B$35:$B$37,$D26,'Մոդելներ և պարտադիր վճարներ'!$C$35:$C$37,"D2D")>0,'Մոդելներ և պարտադիր վճարներ'!$G$27,$J26*(1+'Մոդելներ և պարտադիր վճարներ'!$D$8))) -> 172500 | U26: =IF(COUNTIFS('Մոդելներ և պարտադիր վճարներ'!$B$35:$B$37,$D26,'Մոդելներ և պարտադիր վճարներ'!$C$35:$C$37,"ԱՁ")>0,$J26,IF(COUNTIFS('Մոդելներ և պարտադիր վճարներ'!$B$35:$B$37,$D26,'Մոդելներ և պարտադիր վճարներ'!$C$35:$C$37,"D2D")>0,'Մոդելներ և պարտադիր վճարներ'!$G$28,$J26*(1+'Մոդելներ և պարտադիր վճարներ'!$D$9))) -> 187500 | V26: =IF(COUNTIFS('Մոդելներ և պարտադիր վճարներ'!$B$35:$B$37,$D26,'Մոդելներ և պարտադիր վճարներ'!$C$35:$C$37,"ԱՁ")>0,$J26,IF(COUNTIFS('Մոդելներ և պարտադիր վճարներ'!$B$35:$B$37,$D26,'Մոդելներ և պարտադիր վճարներ'!$C$35:$C$37,"D2D")>0,'Մոդելներ և պարտադիր վճարներ'!$G$29,$J26*(1+'Մոդելներ և պարտադիր վճարներ'!$D$10))) -> 202500 | W26: =IF(COUNTIFS('Մոդելներ և պարտադիր վճարներ'!$B$35:$B$37,$D26,'Մոդելներ և պարտադիր վճարներ'!$C$35:$C$37,"ԱՁ")>0,$J26,IF(COUNTIFS('Մոդելներ և պարտադիր վճարներ'!$B$35:$B$37,$D26,'Մոդելներ և պարտադիր վճարներ'!$C$35:$C$37,"D2D")>0,'Մոդելներ և պարտադիր վճարներ'!$G$30,$J26*(1+'Մոդելներ և պարտադիր վճարներ'!$D$11))) -> 225000 | X26: =IF(COUNTIFS('Մոդելներ և պարտադիր վճարներ'!$B$35:$B$37,$D26,'Մոդելներ և պարտադիր վճարներ'!$C$35:$C$37,"ԱՁ")>0,$J26,($S26+INDEX('Մոդելներ և պարտադիր վճարներ'!$D$67:$D$71,IFERROR(MATCH($S26,'Մոդելներ և պարտադիր վճարներ'!$F$67:$F$71,1)+1,1))+INDEX('Մոդելներ և պարտադիր վճարներ'!$E$67:$E$71,IFERROR(MATCH($S26,'Մոդելներ և պարտադիր վճարներ'!$F$67:$F$71,1)+1,1)))*'Մոդելներ և պարտադիր վճարներ'!$C$59) -> 207733.33 | Y26: =IF(COUNTIFS('Մոդելներ և պարտադիր վճարներ'!$B$35:$B$37,$D26,'Մոդելներ և պարտադիր վճարներ'!$C$35:$C$37,"ԱՁ")>0,$J26,($T26+INDEX('Մոդելներ և պարտադիր վճարներ'!$D$67:$D$71,IFERROR(MATCH($T26,'Մոդելներ և պարտադիր վճարներ'!$F$67:$F$71,1)+1,1))+INDEX('Մոդելներ և պարտադիր վճարներ'!$E$67:$E$71,IFERROR(MATCH($T26,'Մոդելներ և պարտադիր վճարներ'!$F$67:$F$71,1)+1,1)))*'Մոդելներ և պարտադիր վճարներ'!$C$59) -> 237733.33 | Z26: =IF(COUNTIFS('Մոդելներ և պարտադիր վճարներ'!$B$35:$B$37,$D26,'Մոդելներ և պարտադիր վճարներ'!$C$35:$C$37,"ԱՁ")>0,$J26,($U26+INDEX('Մոդելներ և պարտադիր վճարներ'!$D$67:$D$71,IFERROR(MATCH($U26,'Մոդելներ և պարտադիր վճարներ'!$F$67:$F$71,1)+1,1))+INDEX('Մոդելներ և պարտադիր վճարներ'!$E$67:$E$71,IFERROR(MATCH($U26,'Մոդելներ և պարտադիր վճարներ'!$F$67:$F$71,1)+1,1)))*'Մոդելներ և պարտադիր վճարներ'!$C$59) -> 257733.33 | AA26: =IF(COUNTIFS('Մոդելներ և պարտադիր վճարներ'!$B$35:$B$37,$D26,'Մոդելներ և պարտադիր վճարներ'!$C$35:$C$37,"ԱՁ")>0,$J26,($V26+INDEX('Մոդելներ և պարտադիր վճարներ'!$D$67:$D$71,IFERROR(MATCH($V26,'Մոդելներ և պարտադիր վճարներ'!$F$67:$F$71,1)+1,1))+INDEX('Մոդելներ և պարտադիր վճարներ'!$E$67:$E$71,IFERROR(MATCH($V26,'Մոդելներ և պարտադիր վճարներ'!$F$67:$F$71,1)+1,1)))*'Մոդելներ և պարտադիր վճարներ'!$C$59) -> 277733.33 | AB26: =IF(COUNTIFS('Մոդելներ և պարտադիր վճարներ'!$B$35:$B$37,$D26,'Մոդելներ և պարտադիր վճարներ'!$C$35:$C$37,"ԱՁ")>0,$J26,($W26+INDEX('Մոդելներ և պարտադիր վճարներ'!$D$67:$D$71,IFERROR(MATCH($W26,'Մոդելներ և պարտադիր վճարներ'!$F$67:$F$71,1)+1,1))+INDEX('Մոդելներ և պարտադիր վճարներ'!$E$67:$E$71,IFERROR(MATCH($W26,'Մոդելներ և պարտադիր վճարներ'!$F$67:$F$71,1)+1,1)))*'Մոդելներ և պարտադիր վճարներ'!$C$59) -> 307733.33 | AC26: =IF(COUNTIFS('Մոդելներ և պարտադիր վճարներ'!$B$35:$B$37,$D26,'Մոդելներ և պարտադիր վճարներ'!$C$35:$C$37,"ԱՁ")>0,"Աստիճաններ չեն կիրառվում — հաշիվ-ապրանքագիր",IF(COUNTIFS('Մոդելներ և պարտադիր վճարներ'!$B$35:$B$37,$D26,'Մոդելներ և պարտադիր վճարներ'!$C$35:$C$37,"D2D")>0,"Աստիճաններ չեն կիրառվում — տես D2D բաժինը","Ֆիքս × (1 + աստիճանի %)")) -> Ֆիքս × (1 + աստիճանի %) | AD26: Տեղադրման խմբի ղեկավար
B27: Տեխնիկական | C27: Ցանցի կառուցում | D27: Ցանցի կառուցման խմբի ղեկավար | E27: 1 | F27: 1 | G27: 1 | H27: =$F27-$G27 -> 0 | I27: Համալրված | J27: 250000 | K27: =IF(COUNTIFS('Մոդելներ և պարտադիր վճարներ'!$B$35:$B$37,$D27,'Մոդելներ և պարտադիր վճարներ'!$C$35:$C$37,"ԱՁ")>0,0,$O27*'Մոդելներ և պարտադիր վճարներ'!$C$57) -> 69813.333 | L27: =IF(COUNTIFS('Մոդելներ և պարտադիր վճարներ'!$B$35:$B$37,$D27,'Մոդելներ և պարտադիր վճարներ'!$C$35:$C$37,"ԱՁ")>0,0,$O27*'Մոդելներ և պարտադիր վճարներ'!$C$58) -> 17453.333 | M27: =IF(COUNTIFS('Մոդելներ և պարտադիր վճարներ'!$B$35:$B$37,$D27,'Մոդելներ և պարտադիր վճարներ'!$C$35:$C$37,"ԱՁ")>0,0,INDEX('Մոդելներ և պարտադիր վճարներ'!$D$67:$D$71,IFERROR(MATCH(IFERROR(INDEX('Մոդելներ և պարտադիր վճարներ'!$D$35:$D$37,MATCH($D27,'Մոդելներ և պարտադիր վճարներ'!$B$35:$B$37,0)),$J27*(1+'Մոդելներ և պարտադիր վճարներ'!$C$60)),'Մոդելներ և պարտադիր վճարներ'!$F$67:$F$71,1)+1,1))) -> 1000 | N27: =IF(COUNTIFS('Մոդելներ և պարտադիր վճարներ'!$B$35:$B$37,$D27,'Մոդելներ և պարտադիր վճարներ'!$C$35:$C$37,"ԱՁ")>0,0,INDEX('Մոդելներ և պարտադիր վճարներ'!$E$67:$E$71,IFERROR(MATCH(IFERROR(INDEX('Մոդելներ և պարտադիր վճարներ'!$D$35:$D$37,MATCH($D27,'Մոդելներ և պարտադիր վճարներ'!$B$35:$B$37,0)),$J27*(1+'Մոդելներ և պարտադիր վճարներ'!$C$60)),'Մոդելներ և պարտադիր վճարներ'!$F$67:$F$71,1)+1,1))) -> 10800 | O27: =IF(COUNTIFS('Մոդելներ և պարտադիր վճարներ'!$B$35:$B$37,$D27,'Մոդելներ և պարտադիր վճարներ'!$C$35:$C$37,"ԱՁ")>0,$J27,($J27+$M27+$N27)*'Մոդելներ և պարտադիր վճարներ'!$C$59) -> 349066.67 | P27: =F27*$J27 -> 250000 | Q27: =O27*F27 -> 349066.67 | R27: =IF(COUNTIFS('Մոդելներ և պարտադիր վճարներ'!$B$35:$B$37,$D27,'Մոդելներ և պարտադիր վճարներ'!$C$35:$C$37,"ԱՁ")>0,"Գ. ԱՁ",IF(COUNTIFS('Մոդելներ և պարտադիր վճարներ'!$B$35:$B$37,$D27,'Մոդելներ և պարտադիր վճարներ'!$C$35:$C$37,"D2D")>0,"Բ. D2D","Ա. Ֆիքս + KPI բոնուս")) -> Ա. Ֆիքս + KPI բոնուս | S27: =IF(COUNTIFS('Մոդելներ և պարտադիր վճարներ'!$B$35:$B$37,$D27,'Մոդելներ և պարտադիր վճարներ'!$C$35:$C$37,"ԱՁ")>0,$J27,IF(COUNTIFS('Մոդելներ և պարտադիր վճարներ'!$B$35:$B$37,$D27,'Մոդելներ և պարտադիր վճարներ'!$C$35:$C$37,"D2D")>0,'Մոդելներ և պարտադիր վճարներ'!$G$26,$J27*(1+'Մոդելներ և պարտադիր վճարներ'!$D$7))) -> 250000 | T27: =IF(COUNTIFS('Մոդելներ և պարտադիր վճարներ'!$B$35:$B$37,$D27,'Մոդելներ և պարտադիր վճարներ'!$C$35:$C$37,"ԱՁ")>0,$J27,IF(COUNTIFS('Մոդելներ և պարտադիր վճարներ'!$B$35:$B$37,$D27,'Մոդելներ և պարտադիր վճարներ'!$C$35:$C$37,"D2D")>0,'Մոդելներ և պարտադիր վճարներ'!$G$27,$J27*(1+'Մոդելներ և պարտադիր վճարներ'!$D$8))) -> 287500 | U27: =IF(COUNTIFS('Մոդելներ և պարտադիր վճարներ'!$B$35:$B$37,$D27,'Մոդելներ և պարտադիր վճարներ'!$C$35:$C$37,"ԱՁ")>0,$J27,IF(COUNTIFS('Մոդելներ և պարտադիր վճարներ'!$B$35:$B$37,$D27,'Մոդելներ և պարտադիր վճարներ'!$C$35:$C$37,"D2D")>0,'Մոդելներ և պարտադիր վճարներ'!$G$28,$J27*(1+'Մոդելներ և պարտադիր վճարներ'!$D$9))) -> 312500 | V27: =IF(COUNTIFS('Մոդելներ և պարտադիր վճարներ'!$B$35:$B$37,$D27,'Մոդելներ և պարտադիր վճարներ'!$C$35:$C$37,"ԱՁ")>0,$J27,IF(COUNTIFS('Մոդելներ և պարտադիր վճարներ'!$B$35:$B$37,$D27,'Մոդելներ և պարտադիր վճարներ'!$C$35:$C$37,"D2D")>0,'Մոդելներ և պարտադիր վճարներ'!$G$29,$J27*(1+'Մոդելներ և պարտադիր վճարներ'!$D$10))) -> 337500 | W27: =IF(COUNTIFS('Մոդելներ և պարտադիր վճարներ'!$B$35:$B$37,$D27,'Մոդելներ և պարտադիր վճարներ'!$C$35:$C$37,"ԱՁ")>0,$J27,IF(COUNTIFS('Մոդելներ և պարտադիր վճարներ'!$B$35:$B$37,$D27,'Մոդելներ և պարտադիր վճարներ'!$C$35:$C$37,"D2D")>0,'Մոդելներ և պարտադիր վճարներ'!$G$30,$J27*(1+'Մոդելներ և պարտադիր վճարներ'!$D$11))) -> 375000 | X27: =IF(COUNTIFS('Մոդելներ և պարտադիր վճարներ'!$B$35:$B$37,$D27,'Մոդելներ և պարտադիր վճարներ'!$C$35:$C$37,"ԱՁ")>0,$J27,($S27+INDEX('Մոդելներ և պարտադիր վճարներ'!$D$67:$D$71,IFERROR(MATCH($S27,'Մոդելներ և պարտադիր վճարներ'!$F$67:$F$71,1)+1,1))+INDEX('Մոդելներ և պարտադիր վճարներ'!$E$67:$E$71,IFERROR(MATCH($S27,'Մոդելներ և պարտադիր վճարներ'!$F$67:$F$71,1)+1,1)))*'Մոդելներ և պարտադիր վճարներ'!$C$59) -> 341066.67 | Y27: =IF(COUNTIFS('Մոդելներ և պարտադիր վճարներ'!$B$35:$B$37,$D27,'Մոդելներ և պարտադիր վճարներ'!$C$35:$C$37,"ԱՁ")>0,$J27,($T27+INDEX('Մոդելներ և պարտադիր վճարներ'!$D$67:$D$71,IFERROR(MATCH($T27,'Մոդելներ և պարտադիր վճարներ'!$F$67:$F$71,1)+1,1))+INDEX('Մոդելներ և պարտադիր վճարներ'!$E$67:$E$71,IFERROR(MATCH($T27,'Մոդելներ և պարտադիր վճարներ'!$F$67:$F$71,1)+1,1)))*'Մոդելներ և պարտադիր վճարներ'!$C$59) -> 391066.67 | Z27: =IF(COUNTIFS('Մոդելներ և պարտադիր վճարներ'!$B$35:$B$37,$D27,'Մոդելներ և պարտադիր վճարներ'!$C$35:$C$37,"ԱՁ")>0,$J27,($U27+INDEX('Մոդելներ և պարտադիր վճարներ'!$D$67:$D$71,IFERROR(MATCH($U27,'Մոդելներ և պարտադիր վճարներ'!$F$67:$F$71,1)+1,1))+INDEX('Մոդելներ և պարտադիր վճարներ'!$E$67:$E$71,IFERROR(MATCH($U27,'Մոդելներ և պարտադիր վճարներ'!$F$67:$F$71,1)+1,1)))*'Մոդելներ և պարտադիր վճարներ'!$C$59) -> 424400 | AA27: =IF(COUNTIFS('Մոդելներ և պարտադիր վճարներ'!$B$35:$B$37,$D27,'Մոդելներ և պարտադիր վճարներ'!$C$35:$C$37,"ԱՁ")>0,$J27,($V27+INDEX('Մոդելներ և պարտադիր վճարներ'!$D$67:$D$71,IFERROR(MATCH($V27,'Մոդելներ և պարտադիր վճարներ'!$F$67:$F$71,1)+1,1))+INDEX('Մոդելներ և պարտադիր վճարներ'!$E$67:$E$71,IFERROR(MATCH($V27,'Մոդելներ և պարտադիր վճարներ'!$F$67:$F$71,1)+1,1)))*'Մոդելներ և պարտադիր վճարներ'!$C$59) -> 457733.33 | AB27: =IF(COUNTIFS('Մոդելներ և պարտադիր վճարներ'!$B$35:$B$37,$D27,'Մոդելներ և պարտադիր վճարներ'!$C$35:$C$37,"ԱՁ")>0,$J27,($W27+INDEX('Մոդելներ և պարտադիր վճարներ'!$D$67:$D$71,IFERROR(MATCH($W27,'Մոդելներ և պարտադիր վճարներ'!$F$67:$F$71,1)+1,1))+INDEX('Մոդելներ և պարտադիր վճարներ'!$E$67:$E$71,IFERROR(MATCH($W27,'Մոդելներ և պարտադիր վճարներ'!$F$67:$F$71,1)+1,1)))*'Մոդելներ և պարտադիր վճարներ'!$C$59) -> 515733.33 | AC27: =IF(COUNTIFS('Մոդելներ և պարտադիր վճարներ'!$B$35:$B$37,$D27,'Մոդելներ և պարտադիր վճարներ'!$C$35:$C$37,"ԱՁ")>0,"Աստիճաններ չեն կիրառվում — հաշիվ-ապրանքագիր",IF(COUNTIFS('Մոդելներ և պարտադիր վճարներ'!$B$35:$B$37,$D27,'Մոդելներ և պարտադիր վճարներ'!$C$35:$C$37,"D2D")>0,"Աստիճաններ չեն կիրառվում — տես D2D բաժինը","Ֆիքս × (1 + աստիճանի %)")) -> Ֆիքս × (1 + աստիճանի %) | AD27: Տեխնիկական բաժնի ղեկավար
B28: Տեխնիկական | C28: Ցանցի կառուցում | D28: Լարանցման ավագ մասնագետ | E28: 1 | F28: 2 | G28: 1 | H28: =$F28-$G28 -> 1 | I28: Կարող է սպասել | J28: 220000 | K28: =IF(COUNTIFS('Մոդելներ և պարտադիր վճարներ'!$B$35:$B$37,$D28,'Մոդելներ և պարտադիր վճարներ'!$C$35:$C$37,"ԱՁ")>0,0,$O28*'Մոդելներ և պարտադիր վճարներ'!$C$57) -> 60213.333 | L28: =IF(COUNTIFS('Մոդելներ և պարտադիր վճարներ'!$B$35:$B$37,$D28,'Մոդելներ և պարտադիր վճարներ'!$C$35:$C$37,"ԱՁ")>0,0,$O28*'Մոդելներ և պարտադիր վճարներ'!$C$58) -> 15053.333 | M28: =IF(COUNTIFS('Մոդելներ և պարտադիր վճարներ'!$B$35:$B$37,$D28,'Մոդելներ և պարտադիր վճարներ'!$C$35:$C$37,"ԱՁ")>0,0,INDEX('Մոդելներ և պարտադիր վճարներ'!$D$67:$D$71,IFERROR(MATCH(IFERROR(INDEX('Մոդելներ և պարտադիր վճարներ'!$D$35:$D$37,MATCH($D28,'Մոդելներ և պարտադիր վճարներ'!$B$35:$B$37,0)),$J28*(1+'Մոդելներ և պարտադիր վճարներ'!$C$60)),'Մոդելներ և պարտադիր վճարներ'!$F$67:$F$71,1)+1,1))) -> 1000 | N28: =IF(COUNTIFS('Մոդելներ և պարտադիր վճարներ'!$B$35:$B$37,$D28,'Մոդելներ և պարտադիր վճարներ'!$C$35:$C$37,"ԱՁ")>0,0,INDEX('Մոդելներ և պարտադիր վճարներ'!$E$67:$E$71,IFERROR(MATCH(IFERROR(INDEX('Մոդելներ և պարտադիր վճարներ'!$D$35:$D$37,MATCH($D28,'Մոդելներ և պարտադիր վճարներ'!$B$35:$B$37,0)),$J28*(1+'Մոդելներ և պարտադիր վճարներ'!$C$60)),'Մոդելներ և պարտադիր վճարներ'!$F$67:$F$71,1)+1,1))) -> 4800 | O28: =IF(COUNTIFS('Մոդելներ և պարտադիր վճարներ'!$B$35:$B$37,$D28,'Մոդելներ և պարտադիր վճարներ'!$C$35:$C$37,"ԱՁ")>0,$J28,($J28+$M28+$N28)*'Մոդելներ և պարտադիր վճարներ'!$C$59) -> 301066.67 | P28: =F28*$J28 -> 440000 | Q28: =O28*F28 -> 602133.33 | R28: =IF(COUNTIFS('Մոդելներ և պարտադիր վճարներ'!$B$35:$B$37,$D28,'Մոդելներ և պարտադիր վճարներ'!$C$35:$C$37,"ԱՁ")>0,"Գ. ԱՁ",IF(COUNTIFS('Մոդելներ և պարտադիր վճարներ'!$B$35:$B$37,$D28,'Մոդելներ և պարտադիր վճարներ'!$C$35:$C$37,"D2D")>0,"Բ. D2D","Ա. Ֆիքս + KPI բոնուս")) -> Ա. Ֆիքս + KPI բոնուս | S28: =IF(COUNTIFS('Մոդելներ և պարտադիր վճարներ'!$B$35:$B$37,$D28,'Մոդելներ և պարտադիր վճարներ'!$C$35:$C$37,"ԱՁ")>0,$J28,IF(COUNTIFS('Մոդելներ և պարտադիր վճարներ'!$B$35:$B$37,$D28,'Մոդելներ և պարտադիր վճարներ'!$C$35:$C$37,"D2D")>0,'Մոդելներ և պարտադիր վճարներ'!$G$26,$J28*(1+'Մոդելներ և պարտադիր վճարներ'!$D$7))) -> 220000 | T28: =IF(COUNTIFS('Մոդելներ և պարտադիր վճարներ'!$B$35:$B$37,$D28,'Մոդելներ և պարտադիր վճարներ'!$C$35:$C$37,"ԱՁ")>0,$J28,IF(COUNTIFS('Մոդելներ և պարտադիր վճարներ'!$B$35:$B$37,$D28,'Մոդելներ և պարտադիր վճարներ'!$C$35:$C$37,"D2D")>0,'Մոդելներ և պարտադիր վճարներ'!$G$27,$J28*(1+'Մոդելներ և պարտադիր վճարներ'!$D$8))) -> 253000 | U28: =IF(COUNTIFS('Մոդելներ և պարտադիր վճարներ'!$B$35:$B$37,$D28,'Մոդելներ և պարտադիր վճարներ'!$C$35:$C$37,"ԱՁ")>0,$J28,IF(COUNTIFS('Մոդելներ և պարտադիր վճարներ'!$B$35:$B$37,$D28,'Մոդելներ և պարտադիր վճարներ'!$C$35:$C$37,"D2D")>0,'Մոդելներ և պարտադիր վճարներ'!$G$28,$J28*(1+'Մոդելներ և պարտադիր վճարներ'!$D$9))) -> 275000 | V28: =IF(COUNTIFS('Մոդելներ և պարտադիր վճարներ'!$B$35:$B$37,$D28,'Մոդելներ և պարտադիր վճարներ'!$C$35:$C$37,"ԱՁ")>0,$J28,IF(COUNTIFS('Մոդելներ և պարտադիր վճարներ'!$B$35:$B$37,$D28,'Մոդելներ և պարտադիր վճարներ'!$C$35:$C$37,"D2D")>0,'Մոդելներ և պարտադիր վճարներ'!$G$29,$J28*(1+'Մոդելներ և պարտադիր վճարներ'!$D$10))) -> 297000 | W28: =IF(COUNTIFS('Մոդելներ և պարտադիր վճարներ'!$B$35:$B$37,$D28,'Մոդելներ և պարտադիր վճարներ'!$C$35:$C$37,"ԱՁ")>0,$J28,IF(COUNTIFS('Մոդելներ և պարտադիր վճարներ'!$B$35:$B$37,$D28,'Մոդելներ և պարտադիր վճարներ'!$C$35:$C$37,"D2D")>0,'Մոդելներ և պարտադիր վճարներ'!$G$30,$J28*(1+'Մոդելներ և պարտադիր վճարներ'!$D$11))) -> 330000 | X28: =IF(COUNTIFS('Մոդելներ և պարտադիր վճարներ'!$B$35:$B$37,$D28,'Մոդելներ և պարտադիր վճարներ'!$C$35:$C$37,"ԱՁ")>0,$J28,($S28+INDEX('Մոդելներ և պարտադիր վճարներ'!$D$67:$D$71,IFERROR(MATCH($S28,'Մոդելներ և պարտադիր վճարներ'!$F$67:$F$71,1)+1,1))+INDEX('Մոդելներ և պարտադիր վճարներ'!$E$67:$E$71,IFERROR(MATCH($S28,'Մոդելներ և պարտադիր վճարներ'!$F$67:$F$71,1)+1,1)))*'Մոդելներ և պարտադիր վճարներ'!$C$59) -> 301066.67 | Y28: =IF(COUNTIFS('Մոդելներ և պարտադիր վճարներ'!$B$35:$B$37,$D28,'Մոդելներ և պարտադիր վճարներ'!$C$35:$C$37,"ԱՁ")>0,$J28,($T28+INDEX('Մոդելներ և պարտադիր վճարներ'!$D$67:$D$71,IFERROR(MATCH($T28,'Մոդելներ և պարտադիր վճարներ'!$F$67:$F$71,1)+1,1))+INDEX('Մոդելներ և պարտադիր վճարներ'!$E$67:$E$71,IFERROR(MATCH($T28,'Մոդելներ և պարտադիր վճարներ'!$F$67:$F$71,1)+1,1)))*'Մոդելներ և պարտադիր վճարներ'!$C$59) -> 345066.67 | Z28: =IF(COUNTIFS('Մոդելներ և պարտադիր վճարներ'!$B$35:$B$37,$D28,'Մոդելներ և պարտադիր վճարներ'!$C$35:$C$37,"ԱՁ")>0,$J28,($U28+INDEX('Մոդելներ և պարտադիր վճարներ'!$D$67:$D$71,IFERROR(MATCH($U28,'Մոդելներ և պարտադիր վճարներ'!$F$67:$F$71,1)+1,1))+INDEX('Մոդելներ և պարտադիր վճարներ'!$E$67:$E$71,IFERROR(MATCH($U28,'Մոդելներ և պարտադիր վճարներ'!$F$67:$F$71,1)+1,1)))*'Մոդելներ և պարտադիր վճարներ'!$C$59) -> 374400 | AA28: =IF(COUNTIFS('Մոդելներ և պարտադիր վճարներ'!$B$35:$B$37,$D28,'Մոդելներ և պարտադիր վճարներ'!$C$35:$C$37,"ԱՁ")>0,$J28,($V28+INDEX('Մոդելներ և պարտադիր վճարներ'!$D$67:$D$71,IFERROR(MATCH($V28,'Մոդելներ և պարտադիր վճարներ'!$F$67:$F$71,1)+1,1))+INDEX('Մոդելներ և պարտադիր վճարներ'!$E$67:$E$71,IFERROR(MATCH($V28,'Մոդելներ և պարտադիր վճարներ'!$F$67:$F$71,1)+1,1)))*'Մոդելներ և պարտադիր վճարներ'!$C$59) -> 403733.33 | AB28: =IF(COUNTIFS('Մոդելներ և պարտադիր վճարներ'!$B$35:$B$37,$D28,'Մոդելներ և պարտադիր վճարներ'!$C$35:$C$37,"ԱՁ")>0,$J28,($W28+INDEX('Մոդելներ և պարտադիր վճարներ'!$D$67:$D$71,IFERROR(MATCH($W28,'Մոդելներ և պարտադիր վճարներ'!$F$67:$F$71,1)+1,1))+INDEX('Մոդելներ և պարտադիր վճարներ'!$E$67:$E$71,IFERROR(MATCH($W28,'Մոդելներ և պարտադիր վճարներ'!$F$67:$F$71,1)+1,1)))*'Մոդելներ և պարտադիր վճարներ'!$C$59) -> 447733.33 | AC28: =IF(COUNTIFS('Մոդելներ և պարտադիր վճարներ'!$B$35:$B$37,$D28,'Մոդելներ և պարտադիր վճարներ'!$C$35:$C$37,"ԱՁ")>0,"Աստիճաններ չեն կիրառվում — հաշիվ-ապրանքագիր",IF(COUNTIFS('Մոդելներ և պարտադիր վճարներ'!$B$35:$B$37,$D28,'Մոդելներ և պարտադիր վճարներ'!$C$35:$C$37,"D2D")>0,"Աստիճաններ չեն կիրառվում — տես D2D բաժինը","Ֆիքս × (1 + աստիճանի %)")) -> Ֆիքս × (1 + աստիճանի %) | AD28: Ցանցի կառուցման խմբի ղեկավար
B29: Տեխնիկական | C29: Ցանցի կառուցում | D29: Լարանցման մասնագետ | E29: 1 | F29: 2 | G29: 2 | H29: =$F29-$G29 -> 0 | I29: Համալրված | J29: 200000 | K29: =IF(COUNTIFS('Մոդելներ և պարտադիր վճարներ'!$B$35:$B$37,$D29,'Մոդելներ և պարտադիր վճարներ'!$C$35:$C$37,"ԱՁ")>0,0,$O29*'Մոդելներ և պարտադիր վճարներ'!$C$57) -> 54880 | L29: =IF(COUNTIFS('Մոդելներ և պարտադիր վճարներ'!$B$35:$B$37,$D29,'Մոդելներ և պարտադիր վճարներ'!$C$35:$C$37,"ԱՁ")>0,0,$O29*'Մոդելներ և պարտադիր վճարներ'!$C$58) -> 13720 | M29: =IF(COUNTIFS('Մոդելներ և պարտադիր վճարներ'!$B$35:$B$37,$D29,'Մոդելներ և պարտադիր վճարներ'!$C$35:$C$37,"ԱՁ")>0,0,INDEX('Մոդելներ և պարտադիր վճարներ'!$D$67:$D$71,IFERROR(MATCH(IFERROR(INDEX('Մոդելներ և պարտադիր վճարներ'!$D$35:$D$37,MATCH($D29,'Մոդելներ և պարտադիր վճարներ'!$B$35:$B$37,0)),$J29*(1+'Մոդելներ և պարտադիր վճարներ'!$C$60)),'Մոդելներ և պարտադիր վճարներ'!$F$67:$F$71,1)+1,1))) -> 1000 | N29: =IF(COUNTIFS('Մոդելներ և պարտադիր վճարներ'!$B$35:$B$37,$D29,'Մոդելներ և պարտադիր վճարներ'!$C$35:$C$37,"ԱՁ")>0,0,INDEX('Մոդելներ և պարտադիր վճարներ'!$E$67:$E$71,IFERROR(MATCH(IFERROR(INDEX('Մոդելներ և պարտադիր վճարներ'!$D$35:$D$37,MATCH($D29,'Մոդելներ և պարտադիր վճարներ'!$B$35:$B$37,0)),$J29*(1+'Մոդելներ և պարտադիր վճարներ'!$C$60)),'Մոդելներ և պարտադիր վճարներ'!$F$67:$F$71,1)+1,1))) -> 4800 | O29: =IF(COUNTIFS('Մոդելներ և պարտադիր վճարներ'!$B$35:$B$37,$D29,'Մոդելներ և պարտադիր վճարներ'!$C$35:$C$37,"ԱՁ")>0,$J29,($J29+$M29+$N29)*'Մոդելներ և պարտադիր վճարներ'!$C$59) -> 274400 | P29: =F29*$J29 -> 400000 | Q29: =O29*F29 -> 548800 | R29: =IF(COUNTIFS('Մոդելներ և պարտադիր վճարներ'!$B$35:$B$37,$D29,'Մոդելներ և պարտադիր վճարներ'!$C$35:$C$37,"ԱՁ")>0,"Գ. ԱՁ",IF(COUNTIFS('Մոդելներ և պարտադիր վճարներ'!$B$35:$B$37,$D29,'Մոդելներ և պարտադիր վճարներ'!$C$35:$C$37,"D2D")>0,"Բ. D2D","Ա. Ֆիքս + KPI բոնուս")) -> Ա. Ֆիքս + KPI բոնուս | S29: =IF(COUNTIFS('Մոդելներ և պարտադիր վճարներ'!$B$35:$B$37,$D29,'Մոդելներ և պարտադիր վճարներ'!$C$35:$C$37,"ԱՁ")>0,$J29,IF(COUNTIFS('Մոդելներ և պարտադիր վճարներ'!$B$35:$B$37,$D29,'Մոդելներ և պարտադիր վճարներ'!$C$35:$C$37,"D2D")>0,'Մոդելներ և պարտադիր վճարներ'!$G$26,$J29*(1+'Մոդելներ և պարտադիր վճարներ'!$D$7))) -> 200000 | T29: =IF(COUNTIFS('Մոդելներ և պարտադիր վճարներ'!$B$35:$B$37,$D29,'Մոդելներ և պարտադիր վճարներ'!$C$35:$C$37,"ԱՁ")>0,$J29,IF(COUNTIFS('Մոդելներ և պարտադիր վճարներ'!$B$35:$B$37,$D29,'Մոդելներ և պարտադիր վճարներ'!$C$35:$C$37,"D2D")>0,'Մոդելներ և պարտադիր վճարներ'!$G$27,$J29*(1+'Մոդելներ և պարտադիր վճարներ'!$D$8))) -> 230000 | U29: =IF(COUNTIFS('Մոդելներ և պարտադիր վճարներ'!$B$35:$B$37,$D29,'Մոդելներ և պարտադիր վճարներ'!$C$35:$C$37,"ԱՁ")>0,$J29,IF(COUNTIFS('Մոդելներ և պարտադիր վճարներ'!$B$35:$B$37,$D29,'Մոդելներ և պարտադիր վճարներ'!$C$35:$C$37,"D2D")>0,'Մոդելներ և պարտադիր վճարներ'!$G$28,$J29*(1+'Մոդելներ և պարտադիր վճարներ'!$D$9))) -> 250000 | V29: =IF(COUNTIFS('Մոդելներ և պարտադիր վճարներ'!$B$35:$B$37,$D29,'Մոդելներ և պարտադիր վճարներ'!$C$35:$C$37,"ԱՁ")>0,$J29,IF(COUNTIFS('Մոդելներ և պարտադիր վճարներ'!$B$35:$B$37,$D29,'Մոդելներ և պարտադիր վճարներ'!$C$35:$C$37,"D2D")>0,'Մոդելներ և պարտադիր վճարներ'!$G$29,$J29*(1+'Մոդելներ և պարտադիր վճարներ'!$D$10))) -> 270000 | W29: =IF(COUNTIFS('Մոդելներ և պարտադիր վճարներ'!$B$35:$B$37,$D29,'Մոդելներ և պարտադիր վճարներ'!$C$35:$C$37,"ԱՁ")>0,$J29,IF(COUNTIFS('Մոդելներ և պարտադիր վճարներ'!$B$35:$B$37,$D29,'Մոդելներ և պարտադիր վճարներ'!$C$35:$C$37,"D2D")>0,'Մոդելներ և պարտադիր վճարներ'!$G$30,$J29*(1+'Մոդելներ և պարտադիր վճարներ'!$D$11))) -> 300000 | X29: =IF(COUNTIFS('Մոդելներ և պարտադիր վճարներ'!$B$35:$B$37,$D29,'Մոդելներ և պարտադիր վճարներ'!$C$35:$C$37,"ԱՁ")>0,$J29,($S29+INDEX('Մոդելներ և պարտադիր վճարներ'!$D$67:$D$71,IFERROR(MATCH($S29,'Մոդելներ և պարտադիր վճարներ'!$F$67:$F$71,1)+1,1))+INDEX('Մոդելներ և պարտադիր վճարներ'!$E$67:$E$71,IFERROR(MATCH($S29,'Մոդելներ և պարտադիր վճարներ'!$F$67:$F$71,1)+1,1)))*'Մոդելներ և պարտադիր վճարներ'!$C$59) -> 274400 | Y29: =IF(COUNTIFS('Մոդելներ և պարտադիր վճարներ'!$B$35:$B$37,$D29,'Մոդելներ և պարտադիր վճարներ'!$C$35:$C$37,"ԱՁ")>0,$J29,($T29+INDEX('Մոդելներ և պարտադիր վճարներ'!$D$67:$D$71,IFERROR(MATCH($T29,'Մոդելներ և պարտադիր վճարներ'!$F$67:$F$71,1)+1,1))+INDEX('Մոդելներ և պարտադիր վճարներ'!$E$67:$E$71,IFERROR(MATCH($T29,'Մոդելներ և պարտադիր վճարներ'!$F$67:$F$71,1)+1,1)))*'Մոդելներ և պարտադիր վճարներ'!$C$59) -> 314400 | Z29: =IF(COUNTIFS('Մոդելներ և պարտադիր վճարներ'!$B$35:$B$37,$D29,'Մոդելներ և պարտադիր վճարներ'!$C$35:$C$37,"ԱՁ")>0,$J29,($U29+INDEX('Մոդելներ և պարտադիր վճարներ'!$D$67:$D$71,IFERROR(MATCH($U29,'Մոդելներ և պարտադիր վճարներ'!$F$67:$F$71,1)+1,1))+INDEX('Մոդելներ և պարտադիր վճարներ'!$E$67:$E$71,IFERROR(MATCH($U29,'Մոդելներ և պարտադիր վճարներ'!$F$67:$F$71,1)+1,1)))*'Մոդելներ և պարտադիր վճարներ'!$C$59) -> 341066.67 | AA29: =IF(COUNTIFS('Մոդելներ և պարտադիր վճարներ'!$B$35:$B$37,$D29,'Մոդելներ և պարտադիր վճարներ'!$C$35:$C$37,"ԱՁ")>0,$J29,($V29+INDEX('Մոդելներ և պարտադիր վճարներ'!$D$67:$D$71,IFERROR(MATCH($V29,'Մոդելներ և պարտադիր վճարներ'!$F$67:$F$71,1)+1,1))+INDEX('Մոդելներ և պարտադիր վճարներ'!$E$67:$E$71,IFERROR(MATCH($V29,'Մոդելներ և պարտադիր վճարներ'!$F$67:$F$71,1)+1,1)))*'Մոդելներ և պարտադիր վճարներ'!$C$59) -> 367733.33 | AB29: =IF(COUNTIFS('Մոդելներ և պարտադիր վճարներ'!$B$35:$B$37,$D29,'Մոդելներ և պարտադիր վճարներ'!$C$35:$C$37,"ԱՁ")>0,$J29,($W29+INDEX('Մոդելներ և պարտադիր վճարներ'!$D$67:$D$71,IFERROR(MATCH($W29,'Մոդելներ և պարտադիր վճարներ'!$F$67:$F$71,1)+1,1))+INDEX('Մոդելներ և պարտադիր վճարներ'!$E$67:$E$71,IFERROR(MATCH($W29,'Մոդելներ և պարտադիր վճարներ'!$F$67:$F$71,1)+1,1)))*'Մոդելներ և պարտադիր վճարներ'!$C$59) -> 407733.33 | AC29: =IF(COUNTIFS('Մոդելներ և պարտադիր վճարներ'!$B$35:$B$37,$D29,'Մոդելներ և պարտադիր վճարներ'!$C$35:$C$37,"ԱՁ")>0,"Աստիճաններ չեն կիրառվում — հաշիվ-ապրանքագիր",IF(COUNTIFS('Մոդելներ և պարտադիր վճարներ'!$B$35:$B$37,$D29,'Մոդելներ և պարտադիր վճարներ'!$C$35:$C$37,"D2D")>0,"Աստիճաններ չեն կիրառվում — տես D2D բաժինը","Ֆիքս × (1 + աստիճանի %)")) -> Ֆիքս × (1 + աստիճանի %) | AD29: Ցանցի կառուցման խմբի ղեկավար
B30: Տեխնիկական | C30: Ցանցի կառուցում | D30: Եռակցման ավագ մասնագետ | E30: 1 | F30: 1 | G30: 1 | H30: =$F30-$G30 -> 0 | I30: Համալրված | J30: 200000 | K30: =IF(COUNTIFS('Մոդելներ և պարտադիր վճարներ'!$B$35:$B$37,$D30,'Մոդելներ և պարտադիր վճարներ'!$C$35:$C$37,"ԱՁ")>0,0,$O30*'Մոդելներ և պարտադիր վճարներ'!$C$57) -> 54880 | L30: =IF(COUNTIFS('Մոդելներ և պարտադիր վճարներ'!$B$35:$B$37,$D30,'Մոդելներ և պարտադիր վճարներ'!$C$35:$C$37,"ԱՁ")>0,0,$O30*'Մոդելներ և պարտադիր վճարներ'!$C$58) -> 13720 | M30: =IF(COUNTIFS('Մոդելներ և պարտադիր վճարներ'!$B$35:$B$37,$D30,'Մոդելներ և պարտադիր վճարներ'!$C$35:$C$37,"ԱՁ")>0,0,INDEX('Մոդելներ և պարտադիր վճարներ'!$D$67:$D$71,IFERROR(MATCH(IFERROR(INDEX('Մոդելներ և պարտադիր վճարներ'!$D$35:$D$37,MATCH($D30,'Մոդելներ և պարտադիր վճարներ'!$B$35:$B$37,0)),$J30*(1+'Մոդելներ և պարտադիր վճարներ'!$C$60)),'Մոդելներ և պարտադիր վճարներ'!$F$67:$F$71,1)+1,1))) -> 1000 | N30: =IF(COUNTIFS('Մոդելներ և պարտադիր վճարներ'!$B$35:$B$37,$D30,'Մոդելներ և պարտադիր վճարներ'!$C$35:$C$37,"ԱՁ")>0,0,INDEX('Մոդելներ և պարտադիր վճարներ'!$E$67:$E$71,IFERROR(MATCH(IFERROR(INDEX('Մոդելներ և պարտադիր վճարներ'!$D$35:$D$37,MATCH($D30,'Մոդելներ և պարտադիր վճարներ'!$B$35:$B$37,0)),$J30*(1+'Մոդելներ և պարտադիր վճարներ'!$C$60)),'Մոդելներ և պարտադիր վճարներ'!$F$67:$F$71,1)+1,1))) -> 4800 | O30: =IF(COUNTIFS('Մոդելներ և պարտադիր վճարներ'!$B$35:$B$37,$D30,'Մոդելներ և պարտադիր վճարներ'!$C$35:$C$37,"ԱՁ")>0,$J30,($J30+$M30+$N30)*'Մոդելներ և պարտադիր վճարներ'!$C$59) -> 274400 | P30: =F30*$J30 -> 200000 | Q30: =O30*F30 -> 274400 | R30: =IF(COUNTIFS('Մոդելներ և պարտադիր վճարներ'!$B$35:$B$37,$D30,'Մոդելներ և պարտադիր վճարներ'!$C$35:$C$37,"ԱՁ")>0,"Գ. ԱՁ",IF(COUNTIFS('Մոդելներ և պարտադիր վճարներ'!$B$35:$B$37,$D30,'Մոդելներ և պարտադիր վճարներ'!$C$35:$C$37,"D2D")>0,"Բ. D2D","Ա. Ֆիքս + KPI բոնուս")) -> Ա. Ֆիքս + KPI բոնուս | S30: =IF(COUNTIFS('Մոդելներ և պարտադիր վճարներ'!$B$35:$B$37,$D30,'Մոդելներ և պարտադիր վճարներ'!$C$35:$C$37,"ԱՁ")>0,$J30,IF(COUNTIFS('Մոդելներ և պարտադիր վճարներ'!$B$35:$B$37,$D30,'Մոդելներ և պարտադիր վճարներ'!$C$35:$C$37,"D2D")>0,'Մոդելներ և պարտադիր վճարներ'!$G$26,$J30*(1+'Մոդելներ և պարտադիր վճարներ'!$D$7))) -> 200000 | T30: =IF(COUNTIFS('Մոդելներ և պարտադիր վճարներ'!$B$35:$B$37,$D30,'Մոդելներ և պարտադիր վճարներ'!$C$35:$C$37,"ԱՁ")>0,$J30,IF(COUNTIFS('Մոդելներ և պարտադիր վճարներ'!$B$35:$B$37,$D30,'Մոդելներ և պարտադիր վճարներ'!$C$35:$C$37,"D2D")>0,'Մոդելներ և պարտադիր վճարներ'!$G$27,$J30*(1+'Մոդելներ և պարտադիր վճարներ'!$D$8))) -> 230000 | U30: =IF(COUNTIFS('Մոդելներ և պարտադիր վճարներ'!$B$35:$B$37,$D30,'Մոդելներ և պարտադիր վճարներ'!$C$35:$C$37,"ԱՁ")>0,$J30,IF(COUNTIFS('Մոդելներ և պարտադիր վճարներ'!$B$35:$B$37,$D30,'Մոդելներ և պարտադիր վճարներ'!$C$35:$C$37,"D2D")>0,'Մոդելներ և պարտադիր վճարներ'!$G$28,$J30*(1+'Մոդելներ և պարտադիր վճարներ'!$D$9))) -> 250000 | V30: =IF(COUNTIFS('Մոդելներ և պարտադիր վճարներ'!$B$35:$B$37,$D30,'Մոդելներ և պարտադիր վճարներ'!$C$35:$C$37,"ԱՁ")>0,$J30,IF(COUNTIFS('Մոդելներ և պարտադիր վճարներ'!$B$35:$B$37,$D30,'Մոդելներ և պարտադիր վճարներ'!$C$35:$C$37,"D2D")>0,'Մոդելներ և պարտադիր վճարներ'!$G$29,$J30*(1+'Մոդելներ և պարտադիր վճարներ'!$D$10))) -> 270000 | W30: =IF(COUNTIFS('Մոդելներ և պարտադիր վճարներ'!$B$35:$B$37,$D30,'Մոդելներ և պարտադիր վճարներ'!$C$35:$C$37,"ԱՁ")>0,$J30,IF(COUNTIFS('Մոդելներ և պարտադիր վճարներ'!$B$35:$B$37,$D30,'Մոդելներ և պարտադիր վճարներ'!$C$35:$C$37,"D2D")>0,'Մոդելներ և պարտադիր վճարներ'!$G$30,$J30*(1+'Մոդելներ և պարտադիր վճարներ'!$D$11))) -> 300000 | X30: =IF(COUNTIFS('Մոդելներ և պարտադիր վճարներ'!$B$35:$B$37,$D30,'Մոդելներ և պարտադիր վճարներ'!$C$35:$C$37,"ԱՁ")>0,$J30,($S30+INDEX('Մոդելներ և պարտադիր վճարներ'!$D$67:$D$71,IFERROR(MATCH($S30,'Մոդելներ և պարտադիր վճարներ'!$F$67:$F$71,1)+1,1))+INDEX('Մոդելներ և պարտադիր վճարներ'!$E$67:$E$71,IFERROR(MATCH($S30,'Մոդելներ և պարտադիր վճարներ'!$F$67:$F$71,1)+1,1)))*'Մոդելներ և պարտադիր վճարներ'!$C$59) -> 274400 | Y30: =IF(COUNTIFS('Մոդելներ և պարտադիր վճարներ'!$B$35:$B$37,$D30,'Մոդելներ և պարտադիր վճարներ'!$C$35:$C$37,"ԱՁ")>0,$J30,($T30+INDEX('Մոդելներ և պարտադիր վճարներ'!$D$67:$D$71,IFERROR(MATCH($T30,'Մոդելներ և պարտադիր վճարներ'!$F$67:$F$71,1)+1,1))+INDEX('Մոդելներ և պարտադիր վճարներ'!$E$67:$E$71,IFERROR(MATCH($T30,'Մոդելներ և պարտադիր վճարներ'!$F$67:$F$71,1)+1,1)))*'Մոդելներ և պարտադիր վճարներ'!$C$59) -> 314400 | Z30: =IF(COUNTIFS('Մոդելներ և պարտադիր վճարներ'!$B$35:$B$37,$D30,'Մոդելներ և պարտադիր վճարներ'!$C$35:$C$37,"ԱՁ")>0,$J30,($U30+INDEX('Մոդելներ և պարտադիր վճարներ'!$D$67:$D$71,IFERROR(MATCH($U30,'Մոդելներ և պարտադիր վճարներ'!$F$67:$F$71,1)+1,1))+INDEX('Մոդելներ և պարտադիր վճարներ'!$E$67:$E$71,IFERROR(MATCH($U30,'Մոդելներ և պարտադիր վճարներ'!$F$67:$F$71,1)+1,1)))*'Մոդելներ և պարտադիր վճարներ'!$C$59) -> 341066.67 | AA30: =IF(COUNTIFS('Մոդելներ և պարտադիր վճարներ'!$B$35:$B$37,$D30,'Մոդելներ և պարտադիր վճարներ'!$C$35:$C$37,"ԱՁ")>0,$J30,($V30+INDEX('Մոդելներ և պարտադիր վճարներ'!$D$67:$D$71,IFERROR(MATCH($V30,'Մոդելներ և պարտադիր վճարներ'!$F$67:$F$71,1)+1,1))+INDEX('Մոդելներ և պարտադիր վճարներ'!$E$67:$E$71,IFERROR(MATCH($V30,'Մոդելներ և պարտադիր վճարներ'!$F$67:$F$71,1)+1,1)))*'Մոդելներ և պարտադիր վճարներ'!$C$59) -> 367733.33 | AB30: =IF(COUNTIFS('Մոդելներ և պարտադիր վճարներ'!$B$35:$B$37,$D30,'Մոդելներ և պարտադիր վճարներ'!$C$35:$C$37,"ԱՁ")>0,$J30,($W30+INDEX('Մոդելներ և պարտադիր վճարներ'!$D$67:$D$71,IFERROR(MATCH($W30,'Մոդելներ և պարտադիր վճարներ'!$F$67:$F$71,1)+1,1))+INDEX('Մոդելներ և պարտադիր վճարներ'!$E$67:$E$71,IFERROR(MATCH($W30,'Մոդելներ և պարտադիր վճարներ'!$F$67:$F$71,1)+1,1)))*'Մոդելներ և պարտադիր վճարներ'!$C$59) -> 407733.33 | AC30: =IF(COUNTIFS('Մոդելներ և պարտադիր վճարներ'!$B$35:$B$37,$D30,'Մոդելներ և պարտադիր վճարներ'!$C$35:$C$37,"ԱՁ")>0,"Աստիճաններ չեն կիրառվում — հաշիվ-ապրանքագիր",IF(COUNTIFS('Մոդելներ և պարտադիր վճարներ'!$B$35:$B$37,$D30,'Մոդելներ և պարտադիր վճարներ'!$C$35:$C$37,"D2D")>0,"Աստիճաններ չեն կիրառվում — տես D2D բաժինը","Ֆիքս × (1 + աստիճանի %)")) -> Ֆիքս × (1 + աստիճանի %) | AD30: Ցանցի կառուցման խմբի ղեկավար
B31: Տեխնիկական | C31: Ցանցի կառուցում | D31: Եռակցման մասնագետ | E31: 1 | F31: 1 | G31: 1 | H31: =$F31-$G31 -> 0 | I31: Համալրված | J31: 180000 | K31: =IF(COUNTIFS('Մոդելներ և պարտադիր վճարներ'!$B$35:$B$37,$D31,'Մոդելներ և պարտադիր վճարներ'!$C$35:$C$37,"ԱՁ")>0,0,$O31*'Մոդելներ և պարտադիր վճարներ'!$C$57) -> 49546.667 | L31: =IF(COUNTIFS('Մոդելներ և պարտադիր վճարներ'!$B$35:$B$37,$D31,'Մոդելներ և պարտադիր վճարներ'!$C$35:$C$37,"ԱՁ")>0,0,$O31*'Մոդելներ և պարտադիր վճարներ'!$C$58) -> 12386.667 | M31: =IF(COUNTIFS('Մոդելներ և պարտադիր վճարներ'!$B$35:$B$37,$D31,'Մոդելներ և պարտադիր վճարներ'!$C$35:$C$37,"ԱՁ")>0,0,INDEX('Մոդելներ և պարտադիր վճարներ'!$D$67:$D$71,IFERROR(MATCH(IFERROR(INDEX('Մոդելներ և պարտադիր վճարներ'!$D$35:$D$37,MATCH($D31,'Մոդելներ և պարտադիր վճարներ'!$B$35:$B$37,0)),$J31*(1+'Մոդելներ և պարտադիր վճարներ'!$C$60)),'Մոդելներ և պարտադիր վճարներ'!$F$67:$F$71,1)+1,1))) -> 1000 | N31: =IF(COUNTIFS('Մոդելներ և պարտադիր վճարներ'!$B$35:$B$37,$D31,'Մոդելներ և պարտադիր վճարներ'!$C$35:$C$37,"ԱՁ")>0,0,INDEX('Մոդելներ և պարտադիր վճարներ'!$E$67:$E$71,IFERROR(MATCH(IFERROR(INDEX('Մոդելներ և պարտադիր վճարներ'!$D$35:$D$37,MATCH($D31,'Մոդելներ և պարտադիր վճարներ'!$B$35:$B$37,0)),$J31*(1+'Մոդելներ և պարտադիր վճարներ'!$C$60)),'Մոդելներ և պարտադիր վճարներ'!$F$67:$F$71,1)+1,1))) -> 4800 | O31: =IF(COUNTIFS('Մոդելներ և պարտադիր վճարներ'!$B$35:$B$37,$D31,'Մոդելներ և պարտադիր վճարներ'!$C$35:$C$37,"ԱՁ")>0,$J31,($J31+$M31+$N31)*'Մոդելներ և պարտադիր վճարներ'!$C$59) -> 247733.33 | P31: =F31*$J31 -> 180000 | Q31: =O31*F31 -> 247733.33 | R31: =IF(COUNTIFS('Մոդելներ և պարտադիր վճարներ'!$B$35:$B$37,$D31,'Մոդելներ և պարտադիր վճարներ'!$C$35:$C$37,"ԱՁ")>0,"Գ. ԱՁ",IF(COUNTIFS('Մոդելներ և պարտադիր վճարներ'!$B$35:$B$37,$D31,'Մոդելներ և պարտադիր վճարներ'!$C$35:$C$37,"D2D")>0,"Բ. D2D","Ա. Ֆիքս + KPI բոնուս")) -> Ա. Ֆիքս + KPI բոնուս | S31: =IF(COUNTIFS('Մոդելներ և պարտադիր վճարներ'!$B$35:$B$37,$D31,'Մոդելներ և պարտադիր վճարներ'!$C$35:$C$37,"ԱՁ")>0,$J31,IF(COUNTIFS('Մոդելներ և պարտադիր վճարներ'!$B$35:$B$37,$D31,'Մոդելներ և պարտադիր վճարներ'!$C$35:$C$37,"D2D")>0,'Մոդելներ և պարտադիր վճարներ'!$G$26,$J31*(1+'Մոդելներ և պարտադիր վճարներ'!$D$7))) -> 180000 | T31: =IF(COUNTIFS('Մոդելներ և պարտադիր վճարներ'!$B$35:$B$37,$D31,'Մոդելներ և պարտադիր վճարներ'!$C$35:$C$37,"ԱՁ")>0,$J31,IF(COUNTIFS('Մոդելներ և պարտադիր վճարներ'!$B$35:$B$37,$D31,'Մոդելներ և պարտադիր վճարներ'!$C$35:$C$37,"D2D")>0,'Մոդելներ և պարտադիր վճարներ'!$G$27,$J31*(1+'Մոդելներ և պարտադիր վճարներ'!$D$8))) -> 207000 | U31: =IF(COUNTIFS('Մոդելներ և պարտադիր վճարներ'!$B$35:$B$37,$D31,'Մոդելներ և պարտադիր վճարներ'!$C$35:$C$37,"ԱՁ")>0,$J31,IF(COUNTIFS('Մոդելներ և պարտադիր վճարներ'!$B$35:$B$37,$D31,'Մոդելներ և պարտադիր վճարներ'!$C$35:$C$37,"D2D")>0,'Մոդելներ և պարտադիր վճարներ'!$G$28,$J31*(1+'Մոդելներ և պարտադիր վճարներ'!$D$9))) -> 225000 | V31: =IF(COUNTIFS('Մոդելներ և պարտադիր վճարներ'!$B$35:$B$37,$D31,'Մոդելներ և պարտադիր վճարներ'!$C$35:$C$37,"ԱՁ")>0,$J31,IF(COUNTIFS('Մոդելներ և պարտադիր վճարներ'!$B$35:$B$37,$D31,'Մոդելներ և պարտադիր վճարներ'!$C$35:$C$37,"D2D")>0,'Մոդելներ և պարտադիր վճարներ'!$G$29,$J31*(1+'Մոդելներ և պարտադիր վճարներ'!$D$10))) -> 243000 | W31: =IF(COUNTIFS('Մոդելներ և պարտադիր վճարներ'!$B$35:$B$37,$D31,'Մոդելներ և պարտադիր վճարներ'!$C$35:$C$37,"ԱՁ")>0,$J31,IF(COUNTIFS('Մոդելներ և պարտադիր վճարներ'!$B$35:$B$37,$D31,'Մոդելներ և պարտադիր վճարներ'!$C$35:$C$37,"D2D")>0,'Մոդելներ և պարտադիր վճարներ'!$G$30,$J31*(1+'Մոդելներ և պարտադիր վճարներ'!$D$11))) -> 270000 | X31: =IF(COUNTIFS('Մոդելներ և պարտադիր վճարներ'!$B$35:$B$37,$D31,'Մոդելներ և պարտադիր վճարներ'!$C$35:$C$37,"ԱՁ")>0,$J31,($S31+INDEX('Մոդելներ և պարտադիր վճարներ'!$D$67:$D$71,IFERROR(MATCH($S31,'Մոդելներ և պարտադիր վճարներ'!$F$67:$F$71,1)+1,1))+INDEX('Մոդելներ և պարտադիր վճարներ'!$E$67:$E$71,IFERROR(MATCH($S31,'Մոդելներ և պարտադիր վճարներ'!$F$67:$F$71,1)+1,1)))*'Մոդելներ և պարտադիր վճարներ'!$C$59) -> 247733.33 | Y31: =IF(COUNTIFS('Մոդելներ և պարտադիր վճարներ'!$B$35:$B$37,$D31,'Մոդելներ և պարտադիր վճարներ'!$C$35:$C$37,"ԱՁ")>0,$J31,($T31+INDEX('Մոդելներ և պարտադիր վճարներ'!$D$67:$D$71,IFERROR(MATCH($T31,'Մոդելներ և պարտադիր վճարներ'!$F$67:$F$71,1)+1,1))+INDEX('Մոդելներ և պարտադիր վճարներ'!$E$67:$E$71,IFERROR(MATCH($T31,'Մոդելներ և պարտադիր վճարներ'!$F$67:$F$71,1)+1,1)))*'Մոդելներ և պարտադիր վճարներ'!$C$59) -> 283733.33 | Z31: =IF(COUNTIFS('Մոդելներ և պարտադիր վճարներ'!$B$35:$B$37,$D31,'Մոդելներ և պարտադիր վճարներ'!$C$35:$C$37,"ԱՁ")>0,$J31,($U31+INDEX('Մոդելներ և պարտադիր վճարներ'!$D$67:$D$71,IFERROR(MATCH($U31,'Մոդելներ և պարտադիր վճարներ'!$F$67:$F$71,1)+1,1))+INDEX('Մոդելներ և պարտադիր վճարներ'!$E$67:$E$71,IFERROR(MATCH($U31,'Մոդելներ և պարտադիր վճարներ'!$F$67:$F$71,1)+1,1)))*'Մոդելներ և պարտադիր վճարներ'!$C$59) -> 307733.33 | AA31: =IF(COUNTIFS('Մոդելներ և պարտադիր վճարներ'!$B$35:$B$37,$D31,'Մոդելներ և պարտադիր վճարներ'!$C$35:$C$37,"ԱՁ")>0,$J31,($V31+INDEX('Մոդելներ և պարտադիր վճարներ'!$D$67:$D$71,IFERROR(MATCH($V31,'Մոդելներ և պարտադիր վճարներ'!$F$67:$F$71,1)+1,1))+INDEX('Մոդելներ և պարտադիր վճարներ'!$E$67:$E$71,IFERROR(MATCH($V31,'Մոդելներ և պարտադիր վճարներ'!$F$67:$F$71,1)+1,1)))*'Մոդելներ և պարտադիր վճարներ'!$C$59) -> 331733.33 | AB31: =IF(COUNTIFS('Մոդելներ և պարտադիր վճարներ'!$B$35:$B$37,$D31,'Մոդելներ և պարտադիր վճարներ'!$C$35:$C$37,"ԱՁ")>0,$J31,($W31+INDEX('Մոդելներ և պարտադիր վճարներ'!$D$67:$D$71,IFERROR(MATCH($W31,'Մոդելներ և պարտադիր վճարներ'!$F$67:$F$71,1)+1,1))+INDEX('Մոդելներ և պարտադիր վճարներ'!$E$67:$E$71,IFERROR(MATCH($W31,'Մոդելներ և պարտադիր վճարներ'!$F$67:$F$71,1)+1,1)))*'Մոդելներ և պարտադիր վճարներ'!$C$59) -> 367733.33 | AC31: =IF(COUNTIFS('Մոդելներ և պարտադիր վճարներ'!$B$35:$B$37,$D31,'Մոդելներ և պարտադիր վճարներ'!$C$35:$C$37,"ԱՁ")>0,"Աստիճաններ չեն կիրառվում — հաշիվ-ապրանքագիր",IF(COUNTIFS('Մոդելներ և պարտադիր վճարներ'!$B$35:$B$37,$D31,'Մոդելներ և պարտադիր վճարներ'!$C$35:$C$37,"D2D")>0,"Աստիճաններ չեն կիրառվում — տես D2D բաժինը","Ֆիքս × (1 + աստիճանի %)")) -> Ֆիքս × (1 + աստիճանի %) | AD31: Ցանցի կառուցման խմբի ղեկավար
B32: Տեխնիկական | C32: Տեխնիկական ապահովում | D32: Սարքավորումների կարգավորման մասնագետ | E32: 1 | F32: 1 | G32: 1 | H32: =$F32-$G32 -> 0 | I32: Համալրված | J32: 150000 | K32: =IF(COUNTIFS('Մոդելներ և պարտադիր վճարներ'!$B$35:$B$37,$D32,'Մոդելներ և պարտադիր վճարներ'!$C$35:$C$37,"ԱՁ")>0,0,$O32*'Մոդելներ և պարտադիր վճարներ'!$C$57) -> 41546.667 | L32: =IF(COUNTIFS('Մոդելներ և պարտադիր վճարներ'!$B$35:$B$37,$D32,'Մոդելներ և պարտադիր վճարներ'!$C$35:$C$37,"ԱՁ")>0,0,$O32*'Մոդելներ և պարտադիր վճարներ'!$C$58) -> 10386.667 | M32: =IF(COUNTIFS('Մոդելներ և պարտադիր վճարներ'!$B$35:$B$37,$D32,'Մոդելներ և պարտադիր վճարներ'!$C$35:$C$37,"ԱՁ")>0,0,INDEX('Մոդելներ և պարտադիր վճարներ'!$D$67:$D$71,IFERROR(MATCH(IFERROR(INDEX('Մոդելներ և պարտադիր վճարներ'!$D$35:$D$37,MATCH($D32,'Մոդելներ և պարտադիր վճարներ'!$B$35:$B$37,0)),$J32*(1+'Մոդելներ և պարտադիր վճարներ'!$C$60)),'Մոդելներ և պարտադիր վճարներ'!$F$67:$F$71,1)+1,1))) -> 1000 | N32: =IF(COUNTIFS('Մոդելներ և պարտադիր վճարներ'!$B$35:$B$37,$D32,'Մոդելներ և պարտադիր վճարներ'!$C$35:$C$37,"ԱՁ")>0,0,INDEX('Մոդելներ և պարտադիր վճարներ'!$E$67:$E$71,IFERROR(MATCH(IFERROR(INDEX('Մոդելներ և պարտադիր վճարներ'!$D$35:$D$37,MATCH($D32,'Մոդելներ և պարտադիր վճարներ'!$B$35:$B$37,0)),$J32*(1+'Մոդելներ և պարտադիր վճարներ'!$C$60)),'Մոդելներ և պարտադիր վճարներ'!$F$67:$F$71,1)+1,1))) -> 4800 | O32: =IF(COUNTIFS('Մոդելներ և պարտադիր վճարներ'!$B$35:$B$37,$D32,'Մոդելներ և պարտադիր վճարներ'!$C$35:$C$37,"ԱՁ")>0,$J32,($J32+$M32+$N32)*'Մոդելներ և պարտադիր վճարներ'!$C$59) -> 207733.33 | P32: =F32*$J32 -> 150000 | Q32: =O32*F32 -> 207733.33 | R32: =IF(COUNTIFS('Մոդելներ և պարտադիր վճարներ'!$B$35:$B$37,$D32,'Մոդելներ և պարտադիր վճարներ'!$C$35:$C$37,"ԱՁ")>0,"Գ. ԱՁ",IF(COUNTIFS('Մոդելներ և պարտադիր վճարներ'!$B$35:$B$37,$D32,'Մոդելներ և պարտադիր վճարներ'!$C$35:$C$37,"D2D")>0,"Բ. D2D","Ա. Ֆիքս + KPI բոնուս")) -> Ա. Ֆիքս + KPI բոնուս | S32: =IF(COUNTIFS('Մոդելներ և պարտադիր վճարներ'!$B$35:$B$37,$D32,'Մոդելներ և պարտադիր վճարներ'!$C$35:$C$37,"ԱՁ")>0,$J32,IF(COUNTIFS('Մոդելներ և պարտադիր վճարներ'!$B$35:$B$37,$D32,'Մոդելներ և պարտադիր վճարներ'!$C$35:$C$37,"D2D")>0,'Մոդելներ և պարտադիր վճարներ'!$G$26,$J32*(1+'Մոդելներ և պարտադիր վճարներ'!$D$7))) -> 150000 | T32: =IF(COUNTIFS('Մոդելներ և պարտադիր վճարներ'!$B$35:$B$37,$D32,'Մոդելներ և պարտադիր վճարներ'!$C$35:$C$37,"ԱՁ")>0,$J32,IF(COUNTIFS('Մոդելներ և պարտադիր վճարներ'!$B$35:$B$37,$D32,'Մոդելներ և պարտադիր վճարներ'!$C$35:$C$37,"D2D")>0,'Մոդելներ և պարտադիր վճարներ'!$G$27,$J32*(1+'Մոդելներ և պարտադիր վճարներ'!$D$8))) -> 172500 | U32: =IF(COUNTIFS('Մոդելներ և պարտադիր վճարներ'!$B$35:$B$37,$D32,'Մոդելներ և պարտադիր վճարներ'!$C$35:$C$37,"ԱՁ")>0,$J32,IF(COUNTIFS('Մոդելներ և պարտադիր վճարներ'!$B$35:$B$37,$D32,'Մոդելներ և պարտադիր վճարներ'!$C$35:$C$37,"D2D")>0,'Մոդելներ և պարտադիր վճարներ'!$G$28,$J32*(1+'Մոդելներ և պարտադիր վճարներ'!$D$9))) -> 187500 | V32: =IF(COUNTIFS('Մոդելներ և պարտադիր վճարներ'!$B$35:$B$37,$D32,'Մոդելներ և պարտադիր վճարներ'!$C$35:$C$37,"ԱՁ")>0,$J32,IF(COUNTIFS('Մոդելներ և պարտադիր վճարներ'!$B$35:$B$37,$D32,'Մոդելներ և պարտադիր վճարներ'!$C$35:$C$37,"D2D")>0,'Մոդելներ և պարտադիր վճարներ'!$G$29,$J32*(1+'Մոդելներ և պարտադիր վճարներ'!$D$10))) -> 202500 | W32: =IF(COUNTIFS('Մոդելներ և պարտադիր վճարներ'!$B$35:$B$37,$D32,'Մոդելներ և պարտադիր վճարներ'!$C$35:$C$37,"ԱՁ")>0,$J32,IF(COUNTIFS('Մոդելներ և պարտադիր վճարներ'!$B$35:$B$37,$D32,'Մոդելներ և պարտադիր վճարներ'!$C$35:$C$37,"D2D")>0,'Մոդելներ և պարտադիր վճարներ'!$G$30,$J32*(1+'Մոդելներ և պարտադիր վճարներ'!$D$11))) -> 225000 | X32: =IF(COUNTIFS('Մոդելներ և պարտադիր վճարներ'!$B$35:$B$37,$D32,'Մոդելներ և պարտադիր վճարներ'!$C$35:$C$37,"ԱՁ")>0,$J32,($S32+INDEX('Մոդելներ և պարտադիր վճարներ'!$D$67:$D$71,IFERROR(MATCH($S32,'Մոդելներ և պարտադիր վճարներ'!$F$67:$F$71,1)+1,1))+INDEX('Մոդելներ և պարտադիր վճարներ'!$E$67:$E$71,IFERROR(MATCH($S32,'Մոդելներ և պարտադիր վճարներ'!$F$67:$F$71,1)+1,1)))*'Մոդելներ և պարտադիր վճարներ'!$C$59) -> 207733.33 | Y32: =IF(COUNTIFS('Մոդելներ և պարտադիր վճարներ'!$B$35:$B$37,$D32,'Մոդելներ և պարտադիր վճարներ'!$C$35:$C$37,"ԱՁ")>0,$J32,($T32+INDEX('Մոդելներ և պարտադիր վճարներ'!$D$67:$D$71,IFERROR(MATCH($T32,'Մոդելներ և պարտադիր վճարներ'!$F$67:$F$71,1)+1,1))+INDEX('Մոդելներ և պարտադիր վճարներ'!$E$67:$E$71,IFERROR(MATCH($T32,'Մոդելներ և պարտադիր վճարներ'!$F$67:$F$71,1)+1,1)))*'Մոդելներ և պարտադիր վճարներ'!$C$59) -> 237733.33 | Z32: =IF(COUNTIFS('Մոդելներ և պարտադիր վճարներ'!$B$35:$B$37,$D32,'Մոդելներ և պարտադիր վճարներ'!$C$35:$C$37,"ԱՁ")>0,$J32,($U32+INDEX('Մոդելներ և պարտադիր վճարներ'!$D$67:$D$71,IFERROR(MATCH($U32,'Մոդելներ և պարտադիր վճարներ'!$F$67:$F$71,1)+1,1))+INDEX('Մոդելներ և պարտադիր վճարներ'!$E$67:$E$71,IFERROR(MATCH($U32,'Մոդելներ և պարտադիր վճարներ'!$F$67:$F$71,1)+1,1)))*'Մոդելներ և պարտադիր վճարներ'!$C$59) -> 257733.33 | AA32: =IF(COUNTIFS('Մոդելներ և պարտադիր վճարներ'!$B$35:$B$37,$D32,'Մոդելներ և պարտադիր վճարներ'!$C$35:$C$37,"ԱՁ")>0,$J32,($V32+INDEX('Մոդելներ և պարտադիր վճարներ'!$D$67:$D$71,IFERROR(MATCH($V32,'Մոդելներ և պարտադիր վճարներ'!$F$67:$F$71,1)+1,1))+INDEX('Մոդելներ և պարտադիր վճարներ'!$E$67:$E$71,IFERROR(MATCH($V32,'Մոդելներ և պարտադիր վճարներ'!$F$67:$F$71,1)+1,1)))*'Մոդելներ և պարտադիր վճարներ'!$C$59) -> 277733.33 | AB32: =IF(COUNTIFS('Մոդելներ և պարտադիր վճարներ'!$B$35:$B$37,$D32,'Մոդելներ և պարտադիր վճարներ'!$C$35:$C$37,"ԱՁ")>0,$J32,($W32+INDEX('Մոդելներ և պարտադիր վճարներ'!$D$67:$D$71,IFERROR(MATCH($W32,'Մոդելներ և պարտադիր վճարներ'!$F$67:$F$71,1)+1,1))+INDEX('Մոդելներ և պարտադիր վճարներ'!$E$67:$E$71,IFERROR(MATCH($W32,'Մոդելներ և պարտադիր վճարներ'!$F$67:$F$71,1)+1,1)))*'Մոդելներ և պարտադիր վճարներ'!$C$59) -> 307733.33 | AC32: =IF(COUNTIFS('Մոդելներ և պարտադիր վճարներ'!$B$35:$B$37,$D32,'Մոդելներ և պարտադիր վճարներ'!$C$35:$C$37,"ԱՁ")>0,"Աստիճաններ չեն կիրառվում — հաշիվ-ապրանքագիր",IF(COUNTIFS('Մոդելներ և պարտադիր վճարներ'!$B$35:$B$37,$D32,'Մոդելներ և պարտադիր վճարներ'!$C$35:$C$37,"D2D")>0,"Աստիճաններ չեն կիրառվում — տես D2D բաժինը","Ֆիքս × (1 + աստիճանի %)")) -> Ֆիքս × (1 + աստիճանի %) | AD32: Տեխնիկական բաժնի ղեկավար
B33: Տեխնիկական | C33: Տեխնիկական ապահովում | D33: Ապրանքանյութական արժեքների պատասխանատու | E33: 1 | F33: 1 | G33: 0 | H33: =$F33-$G33 -> 1 | I33: Կարևոր | J33: 150000 | K33: =IF(COUNTIFS('Մոդելներ և պարտադիր վճարներ'!$B$35:$B$37,$D33,'Մոդելներ և պարտադիր վճարներ'!$C$35:$C$37,"ԱՁ")>0,0,$O33*'Մոդելներ և պարտադիր վճարներ'!$C$57) -> 41546.667 | L33: =IF(COUNTIFS('Մոդելներ և պարտադիր վճարներ'!$B$35:$B$37,$D33,'Մոդելներ և պարտադիր վճարներ'!$C$35:$C$37,"ԱՁ")>0,0,$O33*'Մոդելներ և պարտադիր վճարներ'!$C$58) -> 10386.667 | M33: =IF(COUNTIFS('Մոդելներ և պարտադիր վճարներ'!$B$35:$B$37,$D33,'Մոդելներ և պարտադիր վճարներ'!$C$35:$C$37,"ԱՁ")>0,0,INDEX('Մոդելներ և պարտադիր վճարներ'!$D$67:$D$71,IFERROR(MATCH(IFERROR(INDEX('Մոդելներ և պարտադիր վճարներ'!$D$35:$D$37,MATCH($D33,'Մոդելներ և պարտադիր վճարներ'!$B$35:$B$37,0)),$J33*(1+'Մոդելներ և պարտադիր վճարներ'!$C$60)),'Մոդելներ և պարտադիր վճարներ'!$F$67:$F$71,1)+1,1))) -> 1000 | N33: =IF(COUNTIFS('Մոդելներ և պարտադիր վճարներ'!$B$35:$B$37,$D33,'Մոդելներ և պարտադիր վճարներ'!$C$35:$C$37,"ԱՁ")>0,0,INDEX('Մոդելներ և պարտադիր վճարներ'!$E$67:$E$71,IFERROR(MATCH(IFERROR(INDEX('Մոդելներ և պարտադիր վճարներ'!$D$35:$D$37,MATCH($D33,'Մոդելներ և պարտադիր վճարներ'!$B$35:$B$37,0)),$J33*(1+'Մոդելներ և պարտադիր վճարներ'!$C$60)),'Մոդելներ և պարտադիր վճարներ'!$F$67:$F$71,1)+1,1))) -> 4800 | O33: =IF(COUNTIFS('Մոդելներ և պարտադիր վճարներ'!$B$35:$B$37,$D33,'Մոդելներ և պարտադիր վճարներ'!$C$35:$C$37,"ԱՁ")>0,$J33,($J33+$M33+$N33)*'Մոդելներ և պարտադիր վճարներ'!$C$59) -> 207733.33 | P33: =F33*$J33 -> 150000 | Q33: =O33*F33 -> 207733.33 | R33: =IF(COUNTIFS('Մոդելներ և պարտադիր վճարներ'!$B$35:$B$37,$D33,'Մոդելներ և պարտադիր վճարներ'!$C$35:$C$37,"ԱՁ")>0,"Գ. ԱՁ",IF(COUNTIFS('Մոդելներ և պարտադիր վճարներ'!$B$35:$B$37,$D33,'Մոդելներ և պարտադիր վճարներ'!$C$35:$C$37,"D2D")>0,"Բ. D2D","Ա. Ֆիքս + KPI բոնուս")) -> Ա. Ֆիքս + KPI բոնուս | S33: =IF(COUNTIFS('Մոդելներ և պարտադիր վճարներ'!$B$35:$B$37,$D33,'Մոդելներ և պարտադիր վճարներ'!$C$35:$C$37,"ԱՁ")>0,$J33,IF(COUNTIFS('Մոդելներ և պարտադիր վճարներ'!$B$35:$B$37,$D33,'Մոդելներ և պարտադիր վճարներ'!$C$35:$C$37,"D2D")>0,'Մոդելներ և պարտադիր վճարներ'!$G$26,$J33*(1+'Մոդելներ և պարտադիր վճարներ'!$D$7))) -> 150000 | T33: =IF(COUNTIFS('Մոդելներ և պարտադիր վճարներ'!$B$35:$B$37,$D33,'Մոդելներ և պարտադիր վճարներ'!$C$35:$C$37,"ԱՁ")>0,$J33,IF(COUNTIFS('Մոդելներ և պարտադիր վճարներ'!$B$35:$B$37,$D33,'Մոդելներ և պարտադիր վճարներ'!$C$35:$C$37,"D2D")>0,'Մոդելներ և պարտադիր վճարներ'!$G$27,$J33*(1+'Մոդելներ և պարտադիր վճարներ'!$D$8))) -> 172500 | U33: =IF(COUNTIFS('Մոդելներ և պարտադիր վճարներ'!$B$35:$B$37,$D33,'Մոդելներ և պարտադիր վճարներ'!$C$35:$C$37,"ԱՁ")>0,$J33,IF(COUNTIFS('Մոդելներ և պարտադիր վճարներ'!$B$35:$B$37,$D33,'Մոդելներ և պարտադիր վճարներ'!$C$35:$C$37,"D2D")>0,'Մոդելներ և պարտադիր վճարներ'!$G$28,$J33*(1+'Մոդելներ և պարտադիր վճարներ'!$D$9))) -> 187500 | V33: =IF(COUNTIFS('Մոդելներ և պարտադիր վճարներ'!$B$35:$B$37,$D33,'Մոդելներ և պարտադիր վճարներ'!$C$35:$C$37,"ԱՁ")>0,$J33,IF(COUNTIFS('Մոդելներ և պարտադիր վճարներ'!$B$35:$B$37,$D33,'Մոդելներ և պարտադիր վճարներ'!$C$35:$C$37,"D2D")>0,'Մոդելներ և պարտադիր վճարներ'!$G$29,$J33*(1+'Մոդելներ և պարտադիր վճարներ'!$D$10))) -> 202500 | W33: =IF(COUNTIFS('Մոդելներ և պարտադիր վճարներ'!$B$35:$B$37,$D33,'Մոդելներ և պարտադիր վճարներ'!$C$35:$C$37,"ԱՁ")>0,$J33,IF(COUNTIFS('Մոդելներ և պարտադիր վճարներ'!$B$35:$B$37,$D33,'Մոդելներ և պարտադիր վճարներ'!$C$35:$C$37,"D2D")>0,'Մոդելներ և պարտադիր վճարներ'!$G$30,$J33*(1+'Մոդելներ և պարտադիր վճարներ'!$D$11))) -> 225000 | X33: =IF(COUNTIFS('Մոդելներ և պարտադիր վճարներ'!$B$35:$B$37,$D33,'Մոդելներ և պարտադիր վճարներ'!$C$35:$C$37,"ԱՁ")>0,$J33,($S33+INDEX('Մոդելներ և պարտադիր վճարներ'!$D$67:$D$71,IFERROR(MATCH($S33,'Մոդելներ և պարտադիր վճարներ'!$F$67:$F$71,1)+1,1))+INDEX('Մոդելներ և պարտադիր վճարներ'!$E$67:$E$71,IFERROR(MATCH($S33,'Մոդելներ և պարտադիր վճարներ'!$F$67:$F$71,1)+1,1)))*'Մոդելներ և պարտադիր վճարներ'!$C$59) -> 207733.33 | Y33: =IF(COUNTIFS('Մոդելներ և պարտադիր վճարներ'!$B$35:$B$37,$D33,'Մոդելներ և պարտադիր վճարներ'!$C$35:$C$37,"ԱՁ")>0,$J33,($T33+INDEX('Մոդելներ և պարտադիր վճարներ'!$D$67:$D$71,IFERROR(MATCH($T33,'Մոդելներ և պարտադիր վճարներ'!$F$67:$F$71,1)+1,1))+INDEX('Մոդելներ և պարտադիր վճարներ'!$E$67:$E$71,IFERROR(MATCH($T33,'Մոդելներ և պարտադիր վճարներ'!$F$67:$F$71,1)+1,1)))*'Մոդելներ և պարտադիր վճարներ'!$C$59) -> 237733.33 | Z33: =IF(COUNTIFS('Մոդելներ և պարտադիր վճարներ'!$B$35:$B$37,$D33,'Մոդելներ և պարտադիր վճարներ'!$C$35:$C$37,"ԱՁ")>0,$J33,($U33+INDEX('Մոդելներ և պարտադիր վճարներ'!$D$67:$D$71,IFERROR(MATCH($U33,'Մոդելներ և պարտադիր վճարներ'!$F$67:$F$71,1)+1,1))+INDEX('Մոդելներ և պարտադիր վճարներ'!$E$67:$E$71,IFERROR(MATCH($U33,'Մոդելներ և պարտադիր վճարներ'!$F$67:$F$71,1)+1,1)))*'Մոդելներ և պարտադիր վճարներ'!$C$59) -> 257733.33 | AA33: =IF(COUNTIFS('Մոդելներ և պարտադիր վճարներ'!$B$35:$B$37,$D33,'Մոդելներ և պարտադիր վճարներ'!$C$35:$C$37,"ԱՁ")>0,$J33,($V33+INDEX('Մոդելներ և պարտադիր վճարներ'!$D$67:$D$71,IFERROR(MATCH($V33,'Մոդելներ և պարտադիր վճարներ'!$F$67:$F$71,1)+1,1))+INDEX('Մոդելներ և պարտադիր վճարներ'!$E$67:$E$71,IFERROR(MATCH($V33,'Մոդելներ և պարտադիր վճարներ'!$F$67:$F$71,1)+1,1)))*'Մոդելներ և պարտադիր վճարներ'!$C$59) -> 277733.33 | AB33: =IF(COUNTIFS('Մոդելներ և պարտադիր վճարներ'!$B$35:$B$37,$D33,'Մոդելներ և պարտադիր վճարներ'!$C$35:$C$37,"ԱՁ")>0,$J33,($W33+INDEX('Մոդելներ և պարտադիր վճարներ'!$D$67:$D$71,IFERROR(MATCH($W33,'Մոդելներ և պարտադիր վճարներ'!$F$67:$F$71,1)+1,1))+INDEX('Մոդելներ և պարտադիր վճարներ'!$E$67:$E$71,IFERROR(MATCH($W33,'Մոդելներ և պարտադիր վճարներ'!$F$67:$F$71,1)+1,1)))*'Մոդելներ և պարտադիր վճարներ'!$C$59) -> 307733.33 | AC33: =IF(COUNTIFS('Մոդելներ և պարտադիր վճարներ'!$B$35:$B$37,$D33,'Մոդելներ և պարտադիր վճարներ'!$C$35:$C$37,"ԱՁ")>0,"Աստիճաններ չեն կիրառվում — հաշիվ-ապրանքագիր",IF(COUNTIFS('Մոդելներ և պարտադիր վճարներ'!$B$35:$B$37,$D33,'Մոդելներ և պարտադիր վճարներ'!$C$35:$C$37,"D2D")>0,"Աստիճաններ չեն կիրառվում — տես D2D բաժինը","Ֆիքս × (1 + աստիճանի %)")) -> Ֆիքս × (1 + աստիճանի %) | AD33: Տեխնիկական բաժնի ղեկավար
... B35: Տեխնիկական | C35: Տեխնիկական ապահովում | D35: L2 մասնագետ | E35: 1 | F35: 2 | G35: 1 | H35: =$F35-$G35 -> 1 | I35: Կարող է սպասել | J35: 200000 | K35: =IF(COUNTIFS('Մոդելներ և պարտադիր վճարներ'!$B$35:$B$37,$D35,'Մոդելներ և պարտադիր վճարներ'!$C$35:$C$37,"ԱՁ")>0,0,$O35*'Մոդելներ և պարտադիր վճարներ'!$C$57) -> 54880 | L35: =IF(COUNTIFS('Մոդելներ և պարտադիր վճարներ'!$B$35:$B$37,$D35,'Մոդելներ և պարտադիր վճարներ'!$C$35:$C$37,"ԱՁ")>0,0,$O35*'Մոդելներ և պարտադիր վճարներ'!$C$58) -> 13720 | M35: =IF(COUNTIFS('Մոդելներ և պարտադիր վճարներ'!$B$35:$B$37,$D35,'Մոդելներ և պարտադիր վճարներ'!$C$35:$C$37,"ԱՁ")>0,0,INDEX('Մոդելներ և պարտադիր վճարներ'!$D$67:$D$71,IFERROR(MATCH(IFERROR(INDEX('Մոդելներ և պարտադիր վճարներ'!$D$35:$D$37,MATCH($D35,'Մոդելներ և պարտադիր վճարներ'!$B$35:$B$37,0)),$J35*(1+'Մոդելներ և պարտադիր վճարներ'!$C$60)),'Մոդելներ և պարտադիր վճարներ'!$F$67:$F$71,1)+1,1))) -> 1000 | N35: =IF(COUNTIFS('Մոդելներ և պարտադիր վճարներ'!$B$35:$B$37,$D35,'Մոդելներ և պարտադիր վճարներ'!$C$35:$C$37,"ԱՁ")>0,0,INDEX('Մոդելներ և պարտադիր վճարներ'!$E$67:$E$71,IFERROR(MATCH(IFERROR(INDEX('Մոդելներ և պարտադիր վճարներ'!$D$35:$D$37,MATCH($D35,'Մոդելներ և պարտադիր վճարներ'!$B$35:$B$37,0)),$J35*(1+'Մոդելներ և պարտադիր վճարներ'!$C$60)),'Մոդելներ և պարտադիր վճարներ'!$F$67:$F$71,1)+1,1))) -> 4800 | O35: =IF(COUNTIFS('Մոդելներ և պարտադիր վճարներ'!$B$35:$B$37,$D35,'Մոդելներ և պարտադիր վճարներ'!$C$35:$C$37,"ԱՁ")>0,$J35,($J35+$M35+$N35)*'Մոդելներ և պարտադիր վճարներ'!$C$59) -> 274400 | P35: =F35*$J35 -> 400000 | Q35: =O35*F35 -> 548800 | R35: =IF(COUNTIFS('Մոդելներ և պարտադիր վճարներ'!$B$35:$B$37,$D35,'Մոդելներ և պարտադիր վճարներ'!$C$35:$C$37,"ԱՁ")>0,"Գ. ԱՁ",IF(COUNTIFS('Մոդելներ և պարտադիր վճարներ'!$B$35:$B$37,$D35,'Մոդելներ և պարտադիր վճարներ'!$C$35:$C$37,"D2D")>0,"Բ. D2D","Ա. Ֆիքս + KPI բոնուս")) -> Ա. Ֆիքս + KPI բոնուս | S35: =IF(COUNTIFS('Մոդելներ և պարտադիր վճարներ'!$B$35:$B$37,$D35,'Մոդելներ և պարտադիր վճարներ'!$C$35:$C$37,"ԱՁ")>0,$J35,IF(COUNTIFS('Մոդելներ և պարտադիր վճարներ'!$B$35:$B$37,$D35,'Մոդելներ և պարտադիր վճարներ'!$C$35:$C$37,"D2D")>0,'Մոդելներ և պարտադիր վճարներ'!$G$26,$J35*(1+'Մոդելներ և պարտադիր վճարներ'!$D$7))) -> 200000 | T35: =IF(COUNTIFS('Մոդելներ և պարտադիր վճարներ'!$B$35:$B$37,$D35,'Մոդելներ և պարտադիր վճարներ'!$C$35:$C$37,"ԱՁ")>0,$J35,IF(COUNTIFS('Մոդելներ և պարտադիր վճարներ'!$B$35:$B$37,$D35,'Մոդելներ և պարտադիր վճարներ'!$C$35:$C$37,"D2D")>0,'Մոդելներ և պարտադիր վճարներ'!$G$27,$J35*(1+'Մոդելներ և պարտադիր վճարներ'!$D$8))) -> 230000 | U35: =IF(COUNTIFS('Մոդելներ և պարտադիր վճարներ'!$B$35:$B$37,$D35,'Մոդելներ և պարտադիր վճարներ'!$C$35:$C$37,"ԱՁ")>0,$J35,IF(COUNTIFS('Մոդելներ և պարտադիր վճարներ'!$B$35:$B$37,$D35,'Մոդելներ և պարտադիր վճարներ'!$C$35:$C$37,"D2D")>0,'Մոդելներ և պարտադիր վճարներ'!$G$28,$J35*(1+'Մոդելներ և պարտադիր վճարներ'!$D$9))) -> 250000 | V35: =IF(COUNTIFS('Մոդելներ և պարտադիր վճարներ'!$B$35:$B$37,$D35,'Մոդելներ և պարտադիր վճարներ'!$C$35:$C$37,"ԱՁ")>0,$J35,IF(COUNTIFS('Մոդելներ և պարտադիր վճարներ'!$B$35:$B$37,$D35,'Մոդելներ և պարտադիր վճարներ'!$C$35:$C$37,"D2D")>0,'Մոդելներ և պարտադիր վճարներ'!$G$29,$J35*(1+'Մոդելներ և պարտադիր վճարներ'!$D$10))) -> 270000 | W35: =IF(COUNTIFS('Մոդելներ և պարտադիր վճարներ'!$B$35:$B$37,$D35,'Մոդելներ և պարտադիր վճարներ'!$C$35:$C$37,"ԱՁ")>0,$J35,IF(COUNTIFS('Մոդելներ և պարտադիր վճարներ'!$B$35:$B$37,$D35,'Մոդելներ և պարտադիր վճարներ'!$C$35:$C$37,"D2D")>0,'Մոդելներ և պարտադիր վճարներ'!$G$30,$J35*(1+'Մոդելներ և պարտադիր վճարներ'!$D$11))) -> 300000 | X35: =IF(COUNTIFS('Մոդելներ և պարտադիր վճարներ'!$B$35:$B$37,$D35,'Մոդելներ և պարտադիր վճարներ'!$C$35:$C$37,"ԱՁ")>0,$J35,($S35+INDEX('Մոդելներ և պարտադիր վճարներ'!$D$67:$D$71,IFERROR(MATCH($S35,'Մոդելներ և պարտադիր վճարներ'!$F$67:$F$71,1)+1,1))+INDEX('Մոդելներ և պարտադիր վճարներ'!$E$67:$E$71,IFERROR(MATCH($S35,'Մոդելներ և պարտադիր վճարներ'!$F$67:$F$71,1)+1,1)))*'Մոդելներ և պարտադիր վճարներ'!$C$59) -> 274400 | Y35: =IF(COUNTIFS('Մոդելներ և պարտադիր վճարներ'!$B$35:$B$37,$D35,'Մոդելներ և պարտադիր վճարներ'!$C$35:$C$37,"ԱՁ")>0,$J35,($T35+INDEX('Մոդելներ և պարտադիր վճարներ'!$D$67:$D$71,IFERROR(MATCH($T35,'Մոդելներ և պարտադիր վճարներ'!$F$67:$F$71,1)+1,1))+INDEX('Մոդելներ և պարտադիր վճարներ'!$E$67:$E$71,IFERROR(MATCH($T35,'Մոդելներ և պարտադիր վճարներ'!$F$67:$F$71,1)+1,1)))*'Մոդելներ և պարտադիր վճարներ'!$C$59) -> 314400 | Z35: =IF(COUNTIFS('Մոդելներ և պարտադիր վճարներ'!$B$35:$B$37,$D35,'Մոդելներ և պարտադիր վճարներ'!$C$35:$C$37,"ԱՁ")>0,$J35,($U35+INDEX('Մոդելներ և պարտադիր վճարներ'!$D$67:$D$71,IFERROR(MATCH($U35,'Մոդելներ և պարտադիր վճարներ'!$F$67:$F$71,1)+1,1))+INDEX('Մոդելներ և պարտադիր վճարներ'!$E$67:$E$71,IFERROR(MATCH($U35,'Մոդելներ և պարտադիր վճարներ'!$F$67:$F$71,1)+1,1)))*'Մոդելներ և պարտադիր վճարներ'!$C$59) -> 341066.67 | AA35: =IF(COUNTIFS('Մոդելներ և պարտադիր վճարներ'!$B$35:$B$37,$D35,'Մոդելներ և պարտադիր վճարներ'!$C$35:$C$37,"ԱՁ")>0,$J35,($V35+INDEX('Մոդելներ և պարտադիր վճարներ'!$D$67:$D$71,IFERROR(MATCH($V35,'Մոդելներ և պարտադիր վճարներ'!$F$67:$F$71,1)+1,1))+INDEX('Մոդելներ և պարտադիր վճարներ'!$E$67:$E$71,IFERROR(MATCH($V35,'Մոդելներ և պարտադիր վճարներ'!$F$67:$F$71,1)+1,1)))*'Մոդելներ և պարտադիր վճարներ'!$C$59) -> 367733.33 | AB35: =IF(COUNTIFS('Մոդելներ և պարտադիր վճարներ'!$B$35:$B$37,$D35,'Մոդելներ և պարտադիր վճարներ'!$C$35:$C$37,"ԱՁ")>0,$J35,($W35+INDEX('Մոդելներ և պարտադիր վճարներ'!$D$67:$D$71,IFERROR(MATCH($W35,'Մոդելներ և պարտադիր վճարներ'!$F$67:$F$71,1)+1,1))+INDEX('Մոդելներ և պարտադիր վճարներ'!$E$67:$E$71,IFERROR(MATCH($W35,'Մոդելներ և պարտադիր վճարներ'!$F$67:$F$71,1)+1,1)))*'Մոդելներ և պարտադիր վճարներ'!$C$59) -> 407733.33 | AC35: =IF(COUNTIFS('Մոդելներ և պարտադիր վճարներ'!$B$35:$B$37,$D35,'Մոդելներ և պարտադիր վճարներ'!$C$35:$C$37,"ԱՁ")>0,"Աստիճաններ չեն կիրառվում — հաշիվ-ապրանքագիր",IF(COUNTIFS('Մոդելներ և պարտադիր վճարներ'!$B$35:$B$37,$D35,'Մոդելներ և պարտադիր վճարներ'!$C$35:$C$37,"D2D")>0,"Աստիճաններ չեն կիրառվում — տես D2D բաժինը","Ֆիքս × (1 + աստիճանի %)")) -> Ֆիքս × (1 + աստիճանի %) | AD35: Տեխնիկական բաժնի ղեկավար
B36: ԸՆԴԱՄԵՆԸ Տեխնիկական | F36: =SUM(F22:F35) -> 22 | G36: =SUM(G22:G35) -> 13 | H36: =SUM(H22:H35) -> 9 | J36: =SUM(J22:J35) -> 2600000 | K36: =SUM(K22:K35) -> 716586.67 | L36: =SUM(L22:L35) -> 179146.67 | M36: =SUM(M22:M35) -> 14000 | N36: =SUM(N22:N35) -> 73200 | O36: =SUM(O22:O35) -> 3582933.3 | P36: =SUM(P22:P35) -> 4010000 | Q36: =SUM(Q22:Q35) -> 5524800 | S36: =SUMPRODUCT($S$22:$S$35,$F$22:$F$35) -> 4010000 | T36: =SUMPRODUCT($T$22:$T$35,$F$22:$F$35) -> 4611500 | U36: =SUMPRODUCT($U$22:$U$35,$F$22:$F$35) -> 5012500 | V36: =SUMPRODUCT($V$22:$V$35,$F$22:$F$35) -> 5413500 | W36: =SUMPRODUCT($W$22:$W$35,$F$22:$F$35) -> 6015000 | X36: =SUMPRODUCT($X$22:$X$35,$F$22:$F$35) -> 5516800 | Y36: =SUMPRODUCT($Y$22:$Y$35,$F$22:$F$35) -> 6318800 | Z36: =SUMPRODUCT($Z$22:$Z$35,$F$22:$F$35) -> 6853466.7 | AA36: =SUMPRODUCT($AA$22:$AA$35,$F$22:$F$35) -> 7388133.3 | AB36: =SUMPRODUCT($AB$22:$AB$35,$F$22:$F$35) -> 8198133.3
B38: ՀԱՃԱԽՈՐԴՆԵՐԻ ՍՊԱՍԱՐԿՈՒՄ
B39: Հաճախորդների սպասարկում | C39: Հաճախորդների սպասարկում | D39: Հաճախորդների սպասարկման ղեկավար (+ՈԱ +Բողոք/Պահպանում) | E39: 1 | F39: 1 | G39: 1 | H39: =$F39-$G39 -> 0 | I39: Համալրված | J39: 300000 | K39: =IF(COUNTIFS('Մոդելներ և պարտադիր վճարներ'!$B$35:$B$37,$D39,'Մոդելներ և պարտադիր վճարներ'!$C$35:$C$37,"ԱՁ")>0,0,$O39*'Մոդելներ և պարտադիր վճարներ'!$C$57) -> 83146.667 | L39: =IF(COUNTIFS('Մոդելներ և պարտադիր վճարներ'!$B$35:$B$37,$D39,'Մոդելներ և պարտադիր վճարներ'!$C$35:$C$37,"ԱՁ")>0,0,$O39*'Մոդելներ և պարտադիր վճարներ'!$C$58) -> 20786.667 | M39: =IF(COUNTIFS('Մոդելներ և պարտադիր վճարներ'!$B$35:$B$37,$D39,'Մոդելներ և պարտադիր վճարներ'!$C$35:$C$37,"ԱՁ")>0,0,INDEX('Մոդելներ և պարտադիր վճարներ'!$D$67:$D$71,IFERROR(MATCH(IFERROR(INDEX('Մոդելներ և պարտադիր վճարներ'!$D$35:$D$37,MATCH($D39,'Մոդելներ և պարտադիր վճարներ'!$B$35:$B$37,0)),$J39*(1+'Մոդելներ և պարտադիր վճարներ'!$C$60)),'Մոդելներ և պարտադիր վճարներ'!$F$67:$F$71,1)+1,1))) -> 1000 | N39: =IF(COUNTIFS('Մոդելներ և պարտադիր վճարներ'!$B$35:$B$37,$D39,'Մոդելներ և պարտադիր վճարներ'!$C$35:$C$37,"ԱՁ")>0,0,INDEX('Մոդելներ և պարտադիր վճարներ'!$E$67:$E$71,IFERROR(MATCH(IFERROR(INDEX('Մոդելներ և պարտադիր վճարներ'!$D$35:$D$37,MATCH($D39,'Մոդելներ և պարտադիր վճարներ'!$B$35:$B$37,0)),$J39*(1+'Մոդելներ և պարտադիր վճարներ'!$C$60)),'Մոդելներ և պարտադիր վճարներ'!$F$67:$F$71,1)+1,1))) -> 10800 | O39: =IF(COUNTIFS('Մոդելներ և պարտադիր վճարներ'!$B$35:$B$37,$D39,'Մոդելներ և պարտադիր վճարներ'!$C$35:$C$37,"ԱՁ")>0,$J39,($J39+$M39+$N39)*'Մոդելներ և պարտադիր վճարներ'!$C$59) -> 415733.33 | P39: =F39*$J39 -> 300000 | Q39: =O39*F39 -> 415733.33 | R39: =IF(COUNTIFS('Մոդելներ և պարտադիր վճարներ'!$B$35:$B$37,$D39,'Մոդելներ և պարտադիր վճարներ'!$C$35:$C$37,"ԱՁ")>0,"Գ. ԱՁ",IF(COUNTIFS('Մոդելներ և պարտադիր վճարներ'!$B$35:$B$37,$D39,'Մոդելներ և պարտադիր վճարներ'!$C$35:$C$37,"D2D")>0,"Բ. D2D","Ա. Ֆիքս + KPI բոնուս")) -> Ա. Ֆիքս + KPI բոնուս | S39: =IF(COUNTIFS('Մոդելներ և պարտադիր վճարներ'!$B$35:$B$37,$D39,'Մոդելներ և պարտադիր վճարներ'!$C$35:$C$37,"ԱՁ")>0,$J39,IF(COUNTIFS('Մոդելներ և պարտադիր վճարներ'!$B$35:$B$37,$D39,'Մոդելներ և պարտադիր վճարներ'!$C$35:$C$37,"D2D")>0,'Մոդելներ և պարտադիր վճարներ'!$G$26,$J39*(1+'Մոդելներ և պարտադիր վճարներ'!$D$7))) -> 300000 | T39: =IF(COUNTIFS('Մոդելներ և պարտադիր վճարներ'!$B$35:$B$37,$D39,'Մոդելներ և պարտադիր վճարներ'!$C$35:$C$37,"ԱՁ")>0,$J39,IF(COUNTIFS('Մոդելներ և պարտադիր վճարներ'!$B$35:$B$37,$D39,'Մոդելներ և պարտադիր վճարներ'!$C$35:$C$37,"D2D")>0,'Մոդելներ և պարտադիր վճարներ'!$G$27,$J39*(1+'Մոդելներ և պարտադիր վճարներ'!$D$8))) -> 345000 | U39: =IF(COUNTIFS('Մոդելներ և պարտադիր վճարներ'!$B$35:$B$37,$D39,'Մոդելներ և պարտադիր վճարներ'!$C$35:$C$37,"ԱՁ")>0,$J39,IF(COUNTIFS('Մոդելներ և պարտադիր վճարներ'!$B$35:$B$37,$D39,'Մոդելներ և պարտադիր վճարներ'!$C$35:$C$37,"D2D")>0,'Մոդելներ և պարտադիր վճարներ'!$G$28,$J39*(1+'Մոդելներ և պարտադիր վճարներ'!$D$9))) -> 375000 | V39: =IF(COUNTIFS('Մոդելներ և պարտադիր վճարներ'!$B$35:$B$37,$D39,'Մոդելներ և պարտադիր վճարներ'!$C$35:$C$37,"ԱՁ")>0,$J39,IF(COUNTIFS('Մոդելներ և պարտադիր վճարներ'!$B$35:$B$37,$D39,'Մոդելներ և պարտադիր վճարներ'!$C$35:$C$37,"D2D")>0,'Մոդելներ և պարտադիր վճարներ'!$G$29,$J39*(1+'Մոդելներ և պարտադիր վճարներ'!$D$10))) -> 405000 | W39: =IF(COUNTIFS('Մոդելներ և պարտադիր վճարներ'!$B$35:$B$37,$D39,'Մոդելներ և պարտադիր վճարներ'!$C$35:$C$37,"ԱՁ")>0,$J39,IF(COUNTIFS('Մոդելներ և պարտադիր վճարներ'!$B$35:$B$37,$D39,'Մոդելներ և պարտադիր վճարներ'!$C$35:$C$37,"D2D")>0,'Մոդելներ և պարտադիր վճարներ'!$G$30,$J39*(1+'Մոդելներ և պարտադիր վճարներ'!$D$11))) -> 450000 | X39: =IF(COUNTIFS('Մոդելներ և պարտադիր վճարներ'!$B$35:$B$37,$D39,'Մոդելներ և պարտադիր վճարներ'!$C$35:$C$37,"ԱՁ")>0,$J39,($S39+INDEX('Մոդելներ և պարտադիր վճարներ'!$D$67:$D$71,IFERROR(MATCH($S39,'Մոդելներ և պարտադիր վճարներ'!$F$67:$F$71,1)+1,1))+INDEX('Մոդելներ և պարտադիր վճարներ'!$E$67:$E$71,IFERROR(MATCH($S39,'Մոդելներ և պարտադիր վճարներ'!$F$67:$F$71,1)+1,1)))*'Մոդելներ և պարտադիր վճարներ'!$C$59) -> 407733.33 | Y39: =IF(COUNTIFS('Մոդելներ և պարտադիր վճարներ'!$B$35:$B$37,$D39,'Մոդելներ և պարտադիր վճարներ'!$C$35:$C$37,"ԱՁ")>0,$J39,($T39+INDEX('Մոդելներ և պարտադիր վճարներ'!$D$67:$D$71,IFERROR(MATCH($T39,'Մոդելներ և պարտադիր վճարներ'!$F$67:$F$71,1)+1,1))+INDEX('Մոդելներ և պարտադիր վճարներ'!$E$67:$E$71,IFERROR(MATCH($T39,'Մոդելներ և պարտադիր վճարներ'!$F$67:$F$71,1)+1,1)))*'Մոդելներ և պարտադիր վճարներ'!$C$59) -> 467733.33 | Z39: =IF(COUNTIFS('Մոդելներ և պարտադիր վճարներ'!$B$35:$B$37,$D39,'Մոդելներ և պարտադիր վճարներ'!$C$35:$C$37,"ԱՁ")>0,$J39,($U39+INDEX('Մոդելներ և պարտադիր վճարներ'!$D$67:$D$71,IFERROR(MATCH($U39,'Մոդելներ և պարտադիր վճարներ'!$F$67:$F$71,1)+1,1))+INDEX('Մոդելներ և պարտադիր վճարներ'!$E$67:$E$71,IFERROR(MATCH($U39,'Մոդելներ և պարտադիր վճարներ'!$F$67:$F$71,1)+1,1)))*'Մոդելներ և պարտադիր վճարներ'!$C$59) -> 515733.33 | AA39: =IF(COUNTIFS('Մոդելներ և պարտադիր վճարներ'!$B$35:$B$37,$D39,'Մոդելներ և պարտադիր վճարներ'!$C$35:$C$37,"ԱՁ")>0,$J39,($V39+INDEX('Մոդելներ և պարտադիր վճարներ'!$D$67:$D$71,IFERROR(MATCH($V39,'Մոդելներ և պարտադիր վճարներ'!$F$67:$F$71,1)+1,1))+INDEX('Մոդելներ և պարտադիր վճարներ'!$E$67:$E$71,IFERROR(MATCH($V39,'Մոդելներ և պարտադիր վճարներ'!$F$67:$F$71,1)+1,1)))*'Մոդելներ և պարտադիր վճարներ'!$C$59) -> 555733.33 | AB39: =IF(COUNTIFS('Մոդելներ և պարտադիր վճարներ'!$B$35:$B$37,$D39,'Մոդելներ և պարտադիր վճարներ'!$C$35:$C$37,"ԱՁ")>0,$J39,($W39+INDEX('Մոդելներ և պարտադիր վճարներ'!$D$67:$D$71,IFERROR(MATCH($W39,'Մոդելներ և պարտադիր վճարներ'!$F$67:$F$71,1)+1,1))+INDEX('Մոդելներ և պարտադիր վճարներ'!$E$67:$E$71,IFERROR(MATCH($W39,'Մոդելներ և պարտադիր վճարներ'!$F$67:$F$71,1)+1,1)))*'Մոդելներ և պարտադիր վճարներ'!$C$59) -> 615733.33 | AC39: =IF(COUNTIFS('Մոդելներ և պարտադիր վճարներ'!$B$35:$B$37,$D39,'Մոդելներ և պարտադիր վճարներ'!$C$35:$C$37,"ԱՁ")>0,"Աստիճաններ չեն կիրառվում — հաշիվ-ապրանքագիր",IF(COUNTIFS('Մոդելներ և պարտադիր վճարներ'!$B$35:$B$37,$D39,'Մոդելներ և պարտադիր վճարներ'!$C$35:$C$37,"D2D")>0,"Աստիճաններ չեն կիրառվում — տես D2D բաժինը","Ֆիքս × (1 + աստիճանի %)")) -> Ֆիքս × (1 + աստիճանի %) | AD39: Վաճառքի և գործառնական ղեկավար
B40: Հաճախորդների սպասարկում | C40: Հաճախորդների սպասարկում | D40: Զանգերի կենտրոնի ավագ օպերատոր | E40: 1 | F40: 1 | G40: 0 | H40: =$F40-$G40 -> 1 | I40: Կարող է սպասել | J40: 150000 | K40: =IF(COUNTIFS('Մոդելներ և պարտադիր վճարներ'!$B$35:$B$37,$D40,'Մոդելներ և պարտադիր վճարներ'!$C$35:$C$37,"ԱՁ")>0,0,$O40*'Մոդելներ և պարտադիր վճարներ'!$C$57) -> 41546.667 | L40: =IF(COUNTIFS('Մոդելներ և պարտադիր վճարներ'!$B$35:$B$37,$D40,'Մոդելներ և պարտադիր վճարներ'!$C$35:$C$37,"ԱՁ")>0,0,$O40*'Մոդելներ և պարտադիր վճարներ'!$C$58) -> 10386.667 | M40: =IF(COUNTIFS('Մոդելներ և պարտադիր վճարներ'!$B$35:$B$37,$D40,'Մոդելներ և պարտադիր վճարներ'!$C$35:$C$37,"ԱՁ")>0,0,INDEX('Մոդելներ և պարտադիր վճարներ'!$D$67:$D$71,IFERROR(MATCH(IFERROR(INDEX('Մոդելներ և պարտադիր վճարներ'!$D$35:$D$37,MATCH($D40,'Մոդելներ և պարտադիր վճարներ'!$B$35:$B$37,0)),$J40*(1+'Մոդելներ և պարտադիր վճարներ'!$C$60)),'Մոդելներ և պարտադիր վճարներ'!$F$67:$F$71,1)+1,1))) -> 1000 | N40: =IF(COUNTIFS('Մոդելներ և պարտադիր վճարներ'!$B$35:$B$37,$D40,'Մոդելներ և պարտադիր վճարներ'!$C$35:$C$37,"ԱՁ")>0,0,INDEX('Մոդելներ և պարտադիր վճարներ'!$E$67:$E$71,IFERROR(MATCH(IFERROR(INDEX('Մոդելներ և պարտադիր վճարներ'!$D$35:$D$37,MATCH($D40,'Մոդելներ և պարտադիր վճարներ'!$B$35:$B$37,0)),$J40*(1+'Մոդելներ և պարտադիր վճարներ'!$C$60)),'Մոդելներ և պարտադիր վճարներ'!$F$67:$F$71,1)+1,1))) -> 4800 | O40: =IF(COUNTIFS('Մոդելներ և պարտադիր վճարներ'!$B$35:$B$37,$D40,'Մոդելներ և պարտադիր վճարներ'!$C$35:$C$37,"ԱՁ")>0,$J40,($J40+$M40+$N40)*'Մոդելներ և պարտադիր վճարներ'!$C$59) -> 207733.33 | P40: =F40*$J40 -> 150000 | Q40: =O40*F40 -> 207733.33 | R40: =IF(COUNTIFS('Մոդելներ և պարտադիր վճարներ'!$B$35:$B$37,$D40,'Մոդելներ և պարտադիր վճարներ'!$C$35:$C$37,"ԱՁ")>0,"Գ. ԱՁ",IF(COUNTIFS('Մոդելներ և պարտադիր վճարներ'!$B$35:$B$37,$D40,'Մոդելներ և պարտադիր վճարներ'!$C$35:$C$37,"D2D")>0,"Բ. D2D","Ա. Ֆիքս + KPI բոնուս")) -> Ա. Ֆիքս + KPI բոնուս | S40: =IF(COUNTIFS('Մոդելներ և պարտադիր վճարներ'!$B$35:$B$37,$D40,'Մոդելներ և պարտադիր վճարներ'!$C$35:$C$37,"ԱՁ")>0,$J40,IF(COUNTIFS('Մոդելներ և պարտադիր վճարներ'!$B$35:$B$37,$D40,'Մոդելներ և պարտադիր վճարներ'!$C$35:$C$37,"D2D")>0,'Մոդելներ և պարտադիր վճարներ'!$G$26,$J40*(1+'Մոդելներ և պարտադիր վճարներ'!$D$7))) -> 150000 | T40: =IF(COUNTIFS('Մոդելներ և պարտադիր վճարներ'!$B$35:$B$37,$D40,'Մոդելներ և պարտադիր վճարներ'!$C$35:$C$37,"ԱՁ")>0,$J40,IF(COUNTIFS('Մոդելներ և պարտադիր վճարներ'!$B$35:$B$37,$D40,'Մոդելներ և պարտադիր վճարներ'!$C$35:$C$37,"D2D")>0,'Մոդելներ և պարտադիր վճարներ'!$G$27,$J40*(1+'Մոդելներ և պարտադիր վճարներ'!$D$8))) -> 172500 | U40: =IF(COUNTIFS('Մոդելներ և պարտադիր վճարներ'!$B$35:$B$37,$D40,'Մոդելներ և պարտադիր վճարներ'!$C$35:$C$37,"ԱՁ")>0,$J40,IF(COUNTIFS('Մոդելներ և պարտադիր վճարներ'!$B$35:$B$37,$D40,'Մոդելներ և պարտադիր վճարներ'!$C$35:$C$37,"D2D")>0,'Մոդելներ և պարտադիր վճարներ'!$G$28,$J40*(1+'Մոդելներ և պարտադիր վճարներ'!$D$9))) -> 187500 | V40: =IF(COUNTIFS('Մոդելներ և պարտադիր վճարներ'!$B$35:$B$37,$D40,'Մոդելներ և պարտադիր վճարներ'!$C$35:$C$37,"ԱՁ")>0,$J40,IF(COUNTIFS('Մոդելներ և պարտադիր վճարներ'!$B$35:$B$37,$D40,'Մոդելներ և պարտադիր վճարներ'!$C$35:$C$37,"D2D")>0,'Մոդելներ և պարտադիր վճարներ'!$G$29,$J40*(1+'Մոդելներ և պարտադիր վճարներ'!$D$10))) -> 202500 | W40: =IF(COUNTIFS('Մոդելներ և պարտադիր վճարներ'!$B$35:$B$37,$D40,'Մոդելներ և պարտադիր վճարներ'!$C$35:$C$37,"ԱՁ")>0,$J40,IF(COUNTIFS('Մոդելներ և պարտադիր վճարներ'!$B$35:$B$37,$D40,'Մոդելներ և պարտադիր վճարներ'!$C$35:$C$37,"D2D")>0,'Մոդելներ և պարտադիր վճարներ'!$G$30,$J40*(1+'Մոդելներ և պարտադիր վճարներ'!$D$11))) -> 225000 | X40: =IF(COUNTIFS('Մոդելներ և պարտադիր վճարներ'!$B$35:$B$37,$D40,'Մոդելներ և պարտադիր վճարներ'!$C$35:$C$37,"ԱՁ")>0,$J40,($S40+INDEX('Մոդելներ և պարտադիր վճարներ'!$D$67:$D$71,IFERROR(MATCH($S40,'Մոդելներ և պարտադիր վճարներ'!$F$67:$F$71,1)+1,1))+INDEX('Մոդելներ և պարտադիր վճարներ'!$E$67:$E$71,IFERROR(MATCH($S40,'Մոդելներ և պարտադիր վճարներ'!$F$67:$F$71,1)+1,1)))*'Մոդելներ և պարտադիր վճարներ'!$C$59) -> 207733.33 | Y40: =IF(COUNTIFS('Մոդելներ և պարտադիր վճարներ'!$B$35:$B$37,$D40,'Մոդելներ և պարտադիր վճարներ'!$C$35:$C$37,"ԱՁ")>0,$J40,($T40+INDEX('Մոդելներ և պարտադիր վճարներ'!$D$67:$D$71,IFERROR(MATCH($T40,'Մոդելներ և պարտադիր վճարներ'!$F$67:$F$71,1)+1,1))+INDEX('Մոդելներ և պարտադիր վճարներ'!$E$67:$E$71,IFERROR(MATCH($T40,'Մոդելներ և պարտադիր վճարներ'!$F$67:$F$71,1)+1,1)))*'Մոդելներ և պարտադիր վճարներ'!$C$59) -> 237733.33 | Z40: =IF(COUNTIFS('Մոդելներ և պարտադիր վճարներ'!$B$35:$B$37,$D40,'Մոդելներ և պարտադիր վճարներ'!$C$35:$C$37,"ԱՁ")>0,$J40,($U40+INDEX('Մոդելներ և պարտադիր վճարներ'!$D$67:$D$71,IFERROR(MATCH($U40,'Մոդելներ և պարտադիր վճարներ'!$F$67:$F$71,1)+1,1))+INDEX('Մոդելներ և պարտադիր վճարներ'!$E$67:$E$71,IFERROR(MATCH($U40,'Մոդելներ և պարտադիր վճարներ'!$F$67:$F$71,1)+1,1)))*'Մոդելներ և պարտադիր վճարներ'!$C$59) -> 257733.33 | AA40: =IF(COUNTIFS('Մոդելներ և պարտադիր վճարներ'!$B$35:$B$37,$D40,'Մոդելներ և պարտադիր վճարներ'!$C$35:$C$37,"ԱՁ")>0,$J40,($V40+INDEX('Մոդելներ և պարտադիր վճարներ'!$D$67:$D$71,IFERROR(MATCH($V40,'Մոդելներ և պարտադիր վճարներ'!$F$67:$F$71,1)+1,1))+INDEX('Մոդելներ և պարտադիր վճարներ'!$E$67:$E$71,IFERROR(MATCH($V40,'Մոդելներ և պարտադիր վճարներ'!$F$67:$F$71,1)+1,1)))*'Մոդելներ և պարտադիր վճարներ'!$C$59) -> 277733.33 | AB40: =IF(COUNTIFS('Մոդելներ և պարտադիր վճարներ'!$B$35:$B$37,$D40,'Մոդելներ և պարտադիր վճարներ'!$C$35:$C$37,"ԱՁ")>0,$J40,($W40+INDEX('Մոդելներ և պարտադիր վճարներ'!$D$67:$D$71,IFERROR(MATCH($W40,'Մոդելներ և պարտադիր վճարներ'!$F$67:$F$71,1)+1,1))+INDEX('Մոդելներ և պարտադիր վճարներ'!$E$67:$E$71,IFERROR(MATCH($W40,'Մոդելներ և պարտադիր վճարներ'!$F$67:$F$71,1)+1,1)))*'Մոդելներ և պարտադիր վճարներ'!$C$59) -> 307733.33 | AC40: =IF(COUNTIFS('Մոդելներ և պարտադիր վճարներ'!$B$35:$B$37,$D40,'Մոդելներ և պարտադիր վճարներ'!$C$35:$C$37,"ԱՁ")>0,"Աստիճաններ չեն կիրառվում — հաշիվ-ապրանքագիր",IF(COUNTIFS('Մոդելներ և պարտադիր վճարներ'!$B$35:$B$37,$D40,'Մոդելներ և պարտադիր վճարներ'!$C$35:$C$37,"D2D")>0,"Աստիճաններ չեն կիրառվում — տես D2D բաժինը","Ֆիքս × (1 + աստիճանի %)")) -> Ֆիքս × (1 + աստիճանի %) | AD40: Հաճախորդների սպասարկման ղեկավար
B41: Հաճախորդների սպասարկում | C41: Հաճախորդների սպասարկում | D41: L & R մասնագետ | E41: 1 | F41: 1 | G41: 0 | H41: =$F41-$G41 -> 1 | I41: Կարևոր | J41: 150000 | K41: =IF(COUNTIFS('Մոդելներ և պարտադիր վճարներ'!$B$35:$B$37,$D41,'Մոդելներ և պարտադիր վճարներ'!$C$35:$C$37,"ԱՁ")>0,0,$O41*'Մոդելներ և պարտադիր վճարներ'!$C$57) -> 41546.667 | L41: =IF(COUNTIFS('Մոդելներ և պարտադիր վճարներ'!$B$35:$B$37,$D41,'Մոդելներ և պարտադիր վճարներ'!$C$35:$C$37,"ԱՁ")>0,0,$O41*'Մոդելներ և պարտադիր վճարներ'!$C$58) -> 10386.667 | M41: =IF(COUNTIFS('Մոդելներ և պարտադիր վճարներ'!$B$35:$B$37,$D41,'Մոդելներ և պարտադիր վճարներ'!$C$35:$C$37,"ԱՁ")>0,0,INDEX('Մոդելներ և պարտադիր վճարներ'!$D$67:$D$71,IFERROR(MATCH(IFERROR(INDEX('Մոդելներ և պարտադիր վճարներ'!$D$35:$D$37,MATCH($D41,'Մոդելներ և պարտադիր վճարներ'!$B$35:$B$37,0)),$J41*(1+'Մոդելներ և պարտադիր վճարներ'!$C$60)),'Մոդելներ և պարտադիր վճարներ'!$F$67:$F$71,1)+1,1))) -> 1000 | N41: =IF(COUNTIFS('Մոդելներ և պարտադիր վճարներ'!$B$35:$B$37,$D41,'Մոդելներ և պարտադիր վճարներ'!$C$35:$C$37,"ԱՁ")>0,0,INDEX('Մոդելներ և պարտադիր վճարներ'!$E$67:$E$71,IFERROR(MATCH(IFERROR(INDEX('Մոդելներ և պարտադիր վճարներ'!$D$35:$D$37,MATCH($D41,'Մոդելներ և պարտադիր վճարներ'!$B$35:$B$37,0)),$J41*(1+'Մոդելներ և պարտադիր վճարներ'!$C$60)),'Մոդելներ և պարտադիր վճարներ'!$F$67:$F$71,1)+1,1))) -> 4800 | O41: =IF(COUNTIFS('Մոդելներ և պարտադիր վճարներ'!$B$35:$B$37,$D41,'Մոդելներ և պարտադիր վճարներ'!$C$35:$C$37,"ԱՁ")>0,$J41,($J41+$M41+$N41)*'Մոդելներ և պարտադիր վճարներ'!$C$59) -> 207733.33 | P41: =F41*$J41 -> 150000 | Q41: =O41*F41 -> 207733.33 | R41: =IF(COUNTIFS('Մոդելներ և պարտադիր վճարներ'!$B$35:$B$37,$D41,'Մոդելներ և պարտադիր վճարներ'!$C$35:$C$37,"ԱՁ")>0,"Գ. ԱՁ",IF(COUNTIFS('Մոդելներ և պարտադիր վճարներ'!$B$35:$B$37,$D41,'Մոդելներ և պարտադիր վճարներ'!$C$35:$C$37,"D2D")>0,"Բ. D2D","Ա. Ֆիքս + KPI բոնուս")) -> Ա. Ֆիքս + KPI բոնուս | S41: =IF(COUNTIFS('Մոդելներ և պարտադիր վճարներ'!$B$35:$B$37,$D41,'Մոդելներ և պարտադիր վճարներ'!$C$35:$C$37,"ԱՁ")>0,$J41,IF(COUNTIFS('Մոդելներ և պարտադիր վճարներ'!$B$35:$B$37,$D41,'Մոդելներ և պարտադիր վճարներ'!$C$35:$C$37,"D2D")>0,'Մոդելներ և պարտադիր վճարներ'!$G$26,$J41*(1+'Մոդելներ և պարտադիր վճարներ'!$D$7))) -> 150000 | T41: =IF(COUNTIFS('Մոդելներ և պարտադիր վճարներ'!$B$35:$B$37,$D41,'Մոդելներ և պարտադիր վճարներ'!$C$35:$C$37,"ԱՁ")>0,$J41,IF(COUNTIFS('Մոդելներ և պարտադիր վճարներ'!$B$35:$B$37,$D41,'Մոդելներ և պարտադիր վճարներ'!$C$35:$C$37,"D2D")>0,'Մոդելներ և պարտադիր վճարներ'!$G$27,$J41*(1+'Մոդելներ և պարտադիր վճարներ'!$D$8))) -> 172500 | U41: =IF(COUNTIFS('Մոդելներ և պարտադիր վճարներ'!$B$35:$B$37,$D41,'Մոդելներ և պարտադիր վճարներ'!$C$35:$C$37,"ԱՁ")>0,$J41,IF(COUNTIFS('Մոդելներ և պարտադիր վճարներ'!$B$35:$B$37,$D41,'Մոդելներ և պարտադիր վճարներ'!$C$35:$C$37,"D2D")>0,'Մոդելներ և պարտադիր վճարներ'!$G$28,$J41*(1+'Մոդելներ և պարտադիր վճարներ'!$D$9))) -> 187500 | V41: =IF(COUNTIFS('Մոդելներ և պարտադիր վճարներ'!$B$35:$B$37,$D41,'Մոդելներ և պարտադիր վճարներ'!$C$35:$C$37,"ԱՁ")>0,$J41,IF(COUNTIFS('Մոդելներ և պարտադիր վճարներ'!$B$35:$B$37,$D41,'Մոդելներ և պարտադիր վճարներ'!$C$35:$C$37,"D2D")>0,'Մոդելներ և պարտադիր վճարներ'!$G$29,$J41*(1+'Մոդելներ և պարտադիր վճարներ'!$D$10))) -> 202500 | W41: =IF(COUNTIFS('Մոդելներ և պարտադիր վճարներ'!$B$35:$B$37,$D41,'Մոդելներ և պարտադիր վճարներ'!$C$35:$C$37,"ԱՁ")>0,$J41,IF(COUNTIFS('Մոդելներ և պարտադիր վճարներ'!$B$35:$B$37,$D41,'Մոդելներ և պարտադիր վճարներ'!$C$35:$C$37,"D2D")>0,'Մոդելներ և պարտադիր վճարներ'!$G$30,$J41*(1+'Մոդելներ և պարտադիր վճարներ'!$D$11))) -> 225000 | X41: =IF(COUNTIFS('Մոդելներ և պարտադիր վճարներ'!$B$35:$B$37,$D41,'Մոդելներ և պարտադիր վճարներ'!$C$35:$C$37,"ԱՁ")>0,$J41,($S41+INDEX('Մոդելներ և պարտադիր վճարներ'!$D$67:$D$71,IFERROR(MATCH($S41,'Մոդելներ և պարտադիր վճարներ'!$F$67:$F$71,1)+1,1))+INDEX('Մոդելներ և պարտադիր վճարներ'!$E$67:$E$71,IFERROR(MATCH($S41,'Մոդելներ և պարտադիր վճարներ'!$F$67:$F$71,1)+1,1)))*'Մոդելներ և պարտադիր վճարներ'!$C$59) -> 207733.33 | Y41: =IF(COUNTIFS('Մոդելներ և պարտադիր վճարներ'!$B$35:$B$37,$D41,'Մոդելներ և պարտադիր վճարներ'!$C$35:$C$37,"ԱՁ")>0,$J41,($T41+INDEX('Մոդելներ և պարտադիր վճարներ'!$D$67:$D$71,IFERROR(MATCH($T41,'Մոդելներ և պարտադիր վճարներ'!$F$67:$F$71,1)+1,1))+INDEX('Մոդելներ և պարտադիր վճարներ'!$E$67:$E$71,IFERROR(MATCH($T41,'Մոդելներ և պարտադիր վճարներ'!$F$67:$F$71,1)+1,1)))*'Մոդելներ և պարտադիր վճարներ'!$C$59) -> 237733.33 | Z41: =IF(COUNTIFS('Մոդելներ և պարտադիր վճարներ'!$B$35:$B$37,$D41,'Մոդելներ և պարտադիր վճարներ'!$C$35:$C$37,"ԱՁ")>0,$J41,($U41+INDEX('Մոդելներ և պարտադիր վճարներ'!$D$67:$D$71,IFERROR(MATCH($U41,'Մոդելներ և պարտադիր վճարներ'!$F$67:$F$71,1)+1,1))+INDEX('Մոդելներ և պարտադիր վճարներ'!$E$67:$E$71,IFERROR(MATCH($U41,'Մոդելներ և պարտադիր վճարներ'!$F$67:$F$71,1)+1,1)))*'Մոդելներ և պարտադիր վճարներ'!$C$59) -> 257733.33 | AA41: =IF(COUNTIFS('Մոդելներ և պարտադիր վճարներ'!$B$35:$B$37,$D41,'Մոդելներ և պարտադիր վճարներ'!$C$35:$C$37,"ԱՁ")>0,$J41,($V41+INDEX('Մոդելներ և պարտադիր վճարներ'!$D$67:$D$71,IFERROR(MATCH($V41,'Մոդելներ և պարտադիր վճարներ'!$F$67:$F$71,1)+1,1))+INDEX('Մոդելներ և պարտադիր վճարներ'!$E$67:$E$71,IFERROR(MATCH($V41,'Մոդելներ և պարտադիր վճարներ'!$F$67:$F$71,1)+1,1)))*'Մոդելներ և պարտադիր վճարներ'!$C$59) -> 277733.33 | AB41: =IF(COUNTIFS('Մոդելներ և պարտադիր վճարներ'!$B$35:$B$37,$D41,'Մոդելներ և պարտադիր վճարներ'!$C$35:$C$37,"ԱՁ")>0,$J41,($W41+INDEX('Մոդելներ և պարտադիր վճարներ'!$D$67:$D$71,IFERROR(MATCH($W41,'Մոդելներ և պարտադիր վճարներ'!$F$67:$F$71,1)+1,1))+INDEX('Մոդելներ և պարտադիր վճարներ'!$E$67:$E$71,IFERROR(MATCH($W41,'Մոդելներ և պարտադիր վճարներ'!$F$67:$F$71,1)+1,1)))*'Մոդելներ և պարտադիր վճարներ'!$C$59) -> 307733.33 | AC41: =IF(COUNTIFS('Մոդելներ և պարտադիր վճարներ'!$B$35:$B$37,$D41,'Մոդելներ և պարտադիր վճարներ'!$C$35:$C$37,"ԱՁ")>0,"Աստիճաններ չեն կիրառվում — հաշիվ-ապրանքագիր",IF(COUNTIFS('Մոդելներ և պարտադիր վճարներ'!$B$35:$B$37,$D41,'Մոդելներ և պարտադիր վճարներ'!$C$35:$C$37,"D2D")>0,"Աստիճաններ չեն կիրառվում — տես D2D բաժինը","Ֆիքս × (1 + աստիճանի %)")) -> Ֆիքս × (1 + աստիճանի %) | AD41: Հաճախորդների սպասարկման ղեկավար
B42: Հաճախորդների սպասարկում | C42: Հաճախորդների սպասարկում | D42: Զանգերի կենտրոնի օպերատոր | E42: 1 | F42: 6 | G42: 4 | H42: =$F42-$G42 -> 2 | I42: Կարևոր | J42: 120000 | K42: =IF(COUNTIFS('Մոդելներ և պարտադիր վճարներ'!$B$35:$B$37,$D42,'Մոդելներ և պարտադիր վճարներ'!$C$35:$C$37,"ԱՁ")>0,0,$O42*'Մոդելներ և պարտադիր վճարներ'!$C$57) -> 33546.667 | L42: =IF(COUNTIFS('Մոդելներ և պարտադիր վճարներ'!$B$35:$B$37,$D42,'Մոդելներ և պարտադիր վճարներ'!$C$35:$C$37,"ԱՁ")>0,0,$O42*'Մոդելներ և պարտադիր վճարներ'!$C$58) -> 8386.6667 | M42: =IF(COUNTIFS('Մոդելներ և պարտադիր վճարներ'!$B$35:$B$37,$D42,'Մոդելներ և պարտադիր վճարներ'!$C$35:$C$37,"ԱՁ")>0,0,INDEX('Մոդելներ և պարտադիր վճարներ'!$D$67:$D$71,IFERROR(MATCH(IFERROR(INDEX('Մոդելներ և պարտադիր վճարներ'!$D$35:$D$37,MATCH($D42,'Մոդելներ և պարտադիր վճարներ'!$B$35:$B$37,0)),$J42*(1+'Մոդելներ և պարտադիր վճարներ'!$C$60)),'Մոդելներ և պարտադիր վճարներ'!$F$67:$F$71,1)+1,1))) -> 1000 | N42: =IF(COUNTIFS('Մոդելներ և պարտադիր վճարներ'!$B$35:$B$37,$D42,'Մոդելներ և պարտադիր վճարներ'!$C$35:$C$37,"ԱՁ")>0,0,INDEX('Մոդելներ և պարտադիր վճարներ'!$E$67:$E$71,IFERROR(MATCH(IFERROR(INDEX('Մոդելներ և պարտադիր վճարներ'!$D$35:$D$37,MATCH($D42,'Մոդելներ և պարտադիր վճարներ'!$B$35:$B$37,0)),$J42*(1+'Մոդելներ և պարտադիր վճարներ'!$C$60)),'Մոդելներ և պարտադիր վճարներ'!$F$67:$F$71,1)+1,1))) -> 4800 | O42: =IF(COUNTIFS('Մոդելներ և պարտադիր վճարներ'!$B$35:$B$37,$D42,'Մոդելներ և պարտադիր վճարներ'!$C$35:$C$37,"ԱՁ")>0,$J42,($J42+$M42+$N42)*'Մոդելներ և պարտադիր վճարներ'!$C$59) -> 167733.33 | P42: =F42*$J42 -> 720000 | Q42: =O42*F42 -> 1006400 | R42: =IF(COUNTIFS('Մոդելներ և պարտադիր վճարներ'!$B$35:$B$37,$D42,'Մոդելներ և պարտադիր վճարներ'!$C$35:$C$37,"ԱՁ")>0,"Գ. ԱՁ",IF(COUNTIFS('Մոդելներ և պարտադիր վճարներ'!$B$35:$B$37,$D42,'Մոդելներ և պարտադիր վճարներ'!$C$35:$C$37,"D2D")>0,"Բ. D2D","Ա. Ֆիքս + KPI բոնուս")) -> Ա. Ֆիքս + KPI բոնուս | S42: =IF(COUNTIFS('Մոդելներ և պարտադիր վճարներ'!$B$35:$B$37,$D42,'Մոդելներ և պարտադիր վճարներ'!$C$35:$C$37,"ԱՁ")>0,$J42,IF(COUNTIFS('Մոդելներ և պարտադիր վճարներ'!$B$35:$B$37,$D42,'Մոդելներ և պարտադիր վճարներ'!$C$35:$C$37,"D2D")>0,'Մոդելներ և պարտադիր վճարներ'!$G$26,$J42*(1+'Մոդելներ և պարտադիր վճարներ'!$D$7))) -> 120000 | T42: =IF(COUNTIFS('Մոդելներ և պարտադիր վճարներ'!$B$35:$B$37,$D42,'Մոդելներ և պարտադիր վճարներ'!$C$35:$C$37,"ԱՁ")>0,$J42,IF(COUNTIFS('Մոդելներ և պարտադիր վճարներ'!$B$35:$B$37,$D42,'Մոդելներ և պարտադիր վճարներ'!$C$35:$C$37,"D2D")>0,'Մոդելներ և պարտադիր վճարներ'!$G$27,$J42*(1+'Մոդելներ և պարտադիր վճարներ'!$D$8))) -> 138000 | U42: =IF(COUNTIFS('Մոդելներ և պարտադիր վճարներ'!$B$35:$B$37,$D42,'Մոդելներ և պարտադիր վճարներ'!$C$35:$C$37,"ԱՁ")>0,$J42,IF(COUNTIFS('Մոդելներ և պարտադիր վճարներ'!$B$35:$B$37,$D42,'Մոդելներ և պարտադիր վճարներ'!$C$35:$C$37,"D2D")>0,'Մոդելներ և պարտադիր վճարներ'!$G$28,$J42*(1+'Մոդելներ և պարտադիր վճարներ'!$D$9))) -> 150000 | V42: =IF(COUNTIFS('Մոդելներ և պարտադիր վճարներ'!$B$35:$B$37,$D42,'Մոդելներ և պարտադիր վճարներ'!$C$35:$C$37,"ԱՁ")>0,$J42,IF(COUNTIFS('Մոդելներ և պարտադիր վճարներ'!$B$35:$B$37,$D42,'Մոդելներ և պարտադիր վճարներ'!$C$35:$C$37,"D2D")>0,'Մոդելներ և պարտադիր վճարներ'!$G$29,$J42*(1+'Մոդելներ և պարտադիր վճարներ'!$D$10))) -> 162000 | W42: =IF(COUNTIFS('Մոդելներ և պարտադիր վճարներ'!$B$35:$B$37,$D42,'Մոդելներ և պարտադիր վճարներ'!$C$35:$C$37,"ԱՁ")>0,$J42,IF(COUNTIFS('Մոդելներ և պարտադիր վճարներ'!$B$35:$B$37,$D42,'Մոդելներ և պարտադիր վճարներ'!$C$35:$C$37,"D2D")>0,'Մոդելներ և պարտադիր վճարներ'!$G$30,$J42*(1+'Մոդելներ և պարտադիր վճարներ'!$D$11))) -> 180000 | X42: =IF(COUNTIFS('Մոդելներ և պարտադիր վճարներ'!$B$35:$B$37,$D42,'Մոդելներ և պարտադիր վճարներ'!$C$35:$C$37,"ԱՁ")>0,$J42,($S42+INDEX('Մոդելներ և պարտադիր վճարներ'!$D$67:$D$71,IFERROR(MATCH($S42,'Մոդելներ և պարտադիր վճարներ'!$F$67:$F$71,1)+1,1))+INDEX('Մոդելներ և պարտադիր վճարներ'!$E$67:$E$71,IFERROR(MATCH($S42,'Մոդելներ և պարտադիր վճարներ'!$F$67:$F$71,1)+1,1)))*'Մոդելներ և պարտադիր վճարներ'!$C$59) -> 161333.33 | Y42: =IF(COUNTIFS('Մոդելներ և պարտադիր վճարներ'!$B$35:$B$37,$D42,'Մոդելներ և պարտադիր վճարներ'!$C$35:$C$37,"ԱՁ")>0,$J42,($T42+INDEX('Մոդելներ և պարտադիր վճարներ'!$D$67:$D$71,IFERROR(MATCH($T42,'Մոդելներ և պարտադիր վճարներ'!$F$67:$F$71,1)+1,1))+INDEX('Մոդելներ և պարտադիր վճարներ'!$E$67:$E$71,IFERROR(MATCH($T42,'Մոդելներ և պարտադիր վճարներ'!$F$67:$F$71,1)+1,1)))*'Մոդելներ և պարտադիր վճարներ'!$C$59) -> 185333.33 | Z42: =IF(COUNTIFS('Մոդելներ և պարտադիր վճարներ'!$B$35:$B$37,$D42,'Մոդելներ և պարտադիր վճարներ'!$C$35:$C$37,"ԱՁ")>0,$J42,($U42+INDEX('Մոդելներ և պարտադիր վճարներ'!$D$67:$D$71,IFERROR(MATCH($U42,'Մոդելներ և պարտադիր վճարներ'!$F$67:$F$71,1)+1,1))+INDEX('Մոդելներ և պարտադիր վճարներ'!$E$67:$E$71,IFERROR(MATCH($U42,'Մոդելներ և պարտադիր վճարներ'!$F$67:$F$71,1)+1,1)))*'Մոդելներ և պարտադիր վճարներ'!$C$59) -> 207733.33 | AA42: =IF(COUNTIFS('Մոդելներ և պարտադիր վճարներ'!$B$35:$B$37,$D42,'Մոդելներ և պարտադիր վճարներ'!$C$35:$C$37,"ԱՁ")>0,$J42,($V42+INDEX('Մոդելներ և պարտադիր վճարներ'!$D$67:$D$71,IFERROR(MATCH($V42,'Մոդելներ և պարտադիր վճարներ'!$F$67:$F$71,1)+1,1))+INDEX('Մոդելներ և պարտադիր վճարներ'!$E$67:$E$71,IFERROR(MATCH($V42,'Մոդելներ և պարտադիր վճարներ'!$F$67:$F$71,1)+1,1)))*'Մոդելներ և պարտադիր վճարներ'!$C$59) -> 223733.33 | AB42: =IF(COUNTIFS('Մոդելներ և պարտադիր վճարներ'!$B$35:$B$37,$D42,'Մոդելներ և պարտադիր վճարներ'!$C$35:$C$37,"ԱՁ")>0,$J42,($W42+INDEX('Մոդելներ և պարտադիր վճարներ'!$D$67:$D$71,IFERROR(MATCH($W42,'Մոդելներ և պարտադիր վճարներ'!$F$67:$F$71,1)+1,1))+INDEX('Մոդելներ և պարտադիր վճարներ'!$E$67:$E$71,IFERROR(MATCH($W42,'Մոդելներ և պարտադիր վճարներ'!$F$67:$F$71,1)+1,1)))*'Մոդելներ և պարտադիր վճարներ'!$C$59) -> 247733.33 | AC42: =IF(COUNTIFS('Մոդելներ և պարտադիր վճարներ'!$B$35:$B$37,$D42,'Մոդելներ և պարտադիր վճարներ'!$C$35:$C$37,"ԱՁ")>0,"Աստիճաններ չեն կիրառվում — հաշիվ-ապրանքագիր",IF(COUNTIFS('Մոդելներ և պարտադիր վճարներ'!$B$35:$B$37,$D42,'Մոդելներ և պարտադիր վճարներ'!$C$35:$C$37,"D2D")>0,"Աստիճաններ չեն կիրառվում — տես D2D բաժինը","Ֆիքս × (1 + աստիճանի %)")) -> Ֆիքս × (1 + աստիճանի %) | AD42: Զանգերի կենտրոնի ավագ օպերատոր
B43: ԸՆԴԱՄԵՆԸ Հաճախորդների սպասարկում | F43: =SUM(F39:F42) -> 9 | G43: =SUM(G39:G42) -> 5 | H43: =SUM(H39:H42) -> 4 | J43: =SUM(J39:J42) -> 720000 | K43: =SUM(K39:K42) -> 199786.67 | L43: =SUM(L39:L42) -> 49946.667 | M43: =SUM(M39:M42) -> 4000 | N43: =SUM(N39:N42) -> 25200 | O43: =SUM(O39:O42) -> 998933.33 | P43: =SUM(P39:P42) -> 1320000 | Q43: =SUM(Q39:Q42) -> 1837600 | S43: =SUMPRODUCT($S$39:$S$42,$F$39:$F$42) -> 1320000 | T43: =SUMPRODUCT($T$39:$T$42,$F$39:$F$42) -> 1518000 | U43: =SUMPRODUCT($U$39:$U$42,$F$39:$F$42) -> 1650000 | V43: =SUMPRODUCT($V$39:$V$42,$F$39:$F$42) -> 1782000 | W43: =SUMPRODUCT($W$39:$W$42,$F$39:$F$42) -> 1980000 | X43: =SUMPRODUCT($X$39:$X$42,$F$39:$F$42) -> 1791200 | Y43: =SUMPRODUCT($Y$39:$Y$42,$F$39:$F$42) -> 2055200 | Z43: =SUMPRODUCT($Z$39:$Z$42,$F$39:$F$42) -> 2277600 | AA43: =SUMPRODUCT($AA$39:$AA$42,$F$39:$F$42) -> 2453600 | AB43: =SUMPRODUCT($AB$39:$AB$42,$F$39:$F$42) -> 2717600
B45: ԲԻԼԻՆԳ ԵՎ ԵԿԱՄՈՒՏ
B46: Բիլինգ և եկամուտ | C46: Բիլինգ և եկամուտ | D46: Բիլինգի և եկամտի ղեկավար (+Համադրում/Աուդիտ) | E46: 1 | F46: 1 | G46: 1 | H46: =$F46-$G46 -> 0 | I46: Համալրված | J46: 300000 | K46: =IF(COUNTIFS('Մոդելներ և պարտադիր վճարներ'!$B$35:$B$37,$D46,'Մոդելներ և պարտադիր վճարներ'!$C$35:$C$37,"ԱՁ")>0,0,$O46*'Մոդելներ և պարտադիր վճարներ'!$C$57) -> 83146.667 | L46: =IF(COUNTIFS('Մոդելներ և պարտադիր վճարներ'!$B$35:$B$37,$D46,'Մոդելներ և պարտադիր վճարներ'!$C$35:$C$37,"ԱՁ")>0,0,$O46*'Մոդելներ և պարտադիր վճարներ'!$C$58) -> 20786.667 | M46: =IF(COUNTIFS('Մոդելներ և պարտադիր վճարներ'!$B$35:$B$37,$D46,'Մոդելներ և պարտադիր վճարներ'!$C$35:$C$37,"ԱՁ")>0,0,INDEX('Մոդելներ և պարտադիր վճարներ'!$D$67:$D$71,IFERROR(MATCH(IFERROR(INDEX('Մոդելներ և պարտադիր վճարներ'!$D$35:$D$37,MATCH($D46,'Մոդելներ և պարտադիր վճարներ'!$B$35:$B$37,0)),$J46*(1+'Մոդելներ և պարտադիր վճարներ'!$C$60)),'Մոդելներ և պարտադիր վճարներ'!$F$67:$F$71,1)+1,1))) -> 1000 | N46: =IF(COUNTIFS('Մոդելներ և պարտադիր վճարներ'!$B$35:$B$37,$D46,'Մոդելներ և պարտադիր վճարներ'!$C$35:$C$37,"ԱՁ")>0,0,INDEX('Մոդելներ և պարտադիր վճարներ'!$E$67:$E$71,IFERROR(MATCH(IFERROR(INDEX('Մոդելներ և պարտադիր վճարներ'!$D$35:$D$37,MATCH($D46,'Մոդելներ և պարտադիր վճարներ'!$B$35:$B$37,0)),$J46*(1+'Մոդելներ և պարտադիր վճարներ'!$C$60)),'Մոդելներ և պարտադիր վճարներ'!$F$67:$F$71,1)+1,1))) -> 10800 | O46: =IF(COUNTIFS('Մոդելներ և պարտադիր վճարներ'!$B$35:$B$37,$D46,'Մոդելներ և պարտադիր վճարներ'!$C$35:$C$37,"ԱՁ")>0,$J46,($J46+$M46+$N46)*'Մոդելներ և պարտադիր վճարներ'!$C$59) -> 415733.33 | P46: =F46*$J46 -> 300000 | Q46: =O46*F46 -> 415733.33 | R46: =IF(COUNTIFS('Մոդելներ և պարտադիր վճարներ'!$B$35:$B$37,$D46,'Մոդելներ և պարտադիր վճարներ'!$C$35:$C$37,"ԱՁ")>0,"Գ. ԱՁ",IF(COUNTIFS('Մոդելներ և պարտադիր վճարներ'!$B$35:$B$37,$D46,'Մոդելներ և պարտադիր վճարներ'!$C$35:$C$37,"D2D")>0,"Բ. D2D","Ա. Ֆիքս + KPI բոնուս")) -> Ա. Ֆիքս + KPI բոնուս | S46: =IF(COUNTIFS('Մոդելներ և պարտադիր վճարներ'!$B$35:$B$37,$D46,'Մոդելներ և պարտադիր վճարներ'!$C$35:$C$37,"ԱՁ")>0,$J46,IF(COUNTIFS('Մոդելներ և պարտադիր վճարներ'!$B$35:$B$37,$D46,'Մոդելներ և պարտադիր վճարներ'!$C$35:$C$37,"D2D")>0,'Մոդելներ և պարտադիր վճարներ'!$G$26,$J46*(1+'Մոդելներ և պարտադիր վճարներ'!$D$7))) -> 300000 | T46: =IF(COUNTIFS('Մոդելներ և պարտադիր վճարներ'!$B$35:$B$37,$D46,'Մոդելներ և պարտադիր վճարներ'!$C$35:$C$37,"ԱՁ")>0,$J46,IF(COUNTIFS('Մոդելներ և պարտադիր վճարներ'!$B$35:$B$37,$D46,'Մոդելներ և պարտադիր վճարներ'!$C$35:$C$37,"D2D")>0,'Մոդելներ և պարտադիր վճարներ'!$G$27,$J46*(1+'Մոդելներ և պարտադիր վճարներ'!$D$8))) -> 345000 | U46: =IF(COUNTIFS('Մոդելներ և պարտադիր վճարներ'!$B$35:$B$37,$D46,'Մոդելներ և պարտադիր վճարներ'!$C$35:$C$37,"ԱՁ")>0,$J46,IF(COUNTIFS('Մոդելներ և պարտադիր վճարներ'!$B$35:$B$37,$D46,'Մոդելներ և պարտադիր վճարներ'!$C$35:$C$37,"D2D")>0,'Մոդելներ և պարտադիր վճարներ'!$G$28,$J46*(1+'Մոդելներ և պարտադիր վճարներ'!$D$9))) -> 375000 | V46: =IF(COUNTIFS('Մոդելներ և պարտադիր վճարներ'!$B$35:$B$37,$D46,'Մոդելներ և պարտադիր վճարներ'!$C$35:$C$37,"ԱՁ")>0,$J46,IF(COUNTIFS('Մոդելներ և պարտադիր վճարներ'!$B$35:$B$37,$D46,'Մոդելներ և պարտադիր վճարներ'!$C$35:$C$37,"D2D")>0,'Մոդելներ և պարտադիր վճարներ'!$G$29,$J46*(1+'Մոդելներ և պարտադիր վճարներ'!$D$10))) -> 405000 | W46: =IF(COUNTIFS('Մոդելներ և պարտադիր վճարներ'!$B$35:$B$37,$D46,'Մոդելներ և պարտադիր վճարներ'!$C$35:$C$37,"ԱՁ")>0,$J46,IF(COUNTIFS('Մոդելներ և պարտադիր վճարներ'!$B$35:$B$37,$D46,'Մոդելներ և պարտադիր վճարներ'!$C$35:$C$37,"D2D")>0,'Մոդելներ և պարտադիր վճարներ'!$G$30,$J46*(1+'Մոդելներ և պարտադիր վճարներ'!$D$11))) -> 450000 | X46: =IF(COUNTIFS('Մոդելներ և պարտադիր վճարներ'!$B$35:$B$37,$D46,'Մոդելներ և պարտադիր վճարներ'!$C$35:$C$37,"ԱՁ")>0,$J46,($S46+INDEX('Մոդելներ և պարտադիր վճարներ'!$D$67:$D$71,IFERROR(MATCH($S46,'Մոդելներ և պարտադիր վճարներ'!$F$67:$F$71,1)+1,1))+INDEX('Մոդելներ և պարտադիր վճարներ'!$E$67:$E$71,IFERROR(MATCH($S46,'Մոդելներ և պարտադիր վճարներ'!$F$67:$F$71,1)+1,1)))*'Մոդելներ և պարտադիր վճարներ'!$C$59) -> 407733.33 | Y46: =IF(COUNTIFS('Մոդելներ և պարտադիր վճարներ'!$B$35:$B$37,$D46,'Մոդելներ և պարտադիր վճարներ'!$C$35:$C$37,"ԱՁ")>0,$J46,($T46+INDEX('Մոդելներ և պարտադիր վճարներ'!$D$67:$D$71,IFERROR(MATCH($T46,'Մոդելներ և պարտադիր վճարներ'!$F$67:$F$71,1)+1,1))+INDEX('Մոդելներ և պարտադիր վճարներ'!$E$67:$E$71,IFERROR(MATCH($T46,'Մոդելներ և պարտադիր վճարներ'!$F$67:$F$71,1)+1,1)))*'Մոդելներ և պարտադիր վճարներ'!$C$59) -> 467733.33 | Z46: =IF(COUNTIFS('Մոդելներ և պարտադիր վճարներ'!$B$35:$B$37,$D46,'Մոդելներ և պարտադիր վճարներ'!$C$35:$C$37,"ԱՁ")>0,$J46,($U46+INDEX('Մոդելներ և պարտադիր վճարներ'!$D$67:$D$71,IFERROR(MATCH($U46,'Մոդելներ և պարտադիր վճարներ'!$F$67:$F$71,1)+1,1))+INDEX('Մոդելներ և պարտադիր վճարներ'!$E$67:$E$71,IFERROR(MATCH($U46,'Մոդելներ և պարտադիր վճարներ'!$F$67:$F$71,1)+1,1)))*'Մոդելներ և պարտադիր վճարներ'!$C$59) -> 515733.33 | AA46: =IF(COUNTIFS('Մոդելներ և պարտադիր վճարներ'!$B$35:$B$37,$D46,'Մոդելներ և պարտադիր վճարներ'!$C$35:$C$37,"ԱՁ")>0,$J46,($V46+INDEX('Մոդելներ և պարտադիր վճարներ'!$D$67:$D$71,IFERROR(MATCH($V46,'Մոդելներ և պարտադիր վճարներ'!$F$67:$F$71,1)+1,1))+INDEX('Մոդելներ և պարտադիր վճարներ'!$E$67:$E$71,IFERROR(MATCH($V46,'Մոդելներ և պարտադիր վճարներ'!$F$67:$F$71,1)+1,1)))*'Մոդելներ և պարտադիր վճարներ'!$C$59) -> 555733.33 | AB46: =IF(COUNTIFS('Մոդելներ և պարտադիր վճարներ'!$B$35:$B$37,$D46,'Մոդելներ և պարտադիր վճարներ'!$C$35:$C$37,"ԱՁ")>0,$J46,($W46+INDEX('Մոդելներ և պարտադիր վճարներ'!$D$67:$D$71,IFERROR(MATCH($W46,'Մոդելներ և պարտադիր վճարներ'!$F$67:$F$71,1)+1,1))+INDEX('Մոդելներ և պարտադիր վճարներ'!$E$67:$E$71,IFERROR(MATCH($W46,'Մոդելներ և պարտադիր վճարներ'!$F$67:$F$71,1)+1,1)))*'Մոդելներ և պարտադիր վճարներ'!$C$59) -> 615733.33 | AC46: =IF(COUNTIFS('Մոդելներ և պարտադիր վճարներ'!$B$35:$B$37,$D46,'Մոդելներ և պարտադիր վճարներ'!$C$35:$C$37,"ԱՁ")>0,"Աստիճաններ չեն կիրառվում — հաշիվ-ապրանքագիր",IF(COUNTIFS('Մոդելներ և պարտադիր վճարներ'!$B$35:$B$37,$D46,'Մոդելներ և պարտադիր վճարներ'!$C$35:$C$37,"D2D")>0,"Աստիճաններ չեն կիրառվում — տես D2D բաժինը","Ֆիքս × (1 + աստիճանի %)")) -> Ֆիքս × (1 + աստիճանի %) | AD46: Վաճառքի և գործառնական ղեկավար
B47: Բիլինգ և եկամուտ | C47: Բիլինգ և եկամուտ | D47: Բիլինգի և եկամտի մասնագետ | E47: 1 | F47: 1 | G47: 0 | H47: =$F47-$G47 -> 1 | I47: Կրիտիկական | J47: 150000 | K47: =IF(COUNTIFS('Մոդելներ և պարտադիր վճարներ'!$B$35:$B$37,$D47,'Մոդելներ և պարտադիր վճարներ'!$C$35:$C$37,"ԱՁ")>0,0,$O47*'Մոդելներ և պարտադիր վճարներ'!$C$57) -> 41546.667 | L47: =IF(COUNTIFS('Մոդելներ և պարտադիր վճարներ'!$B$35:$B$37,$D47,'Մոդելներ և պարտադիր վճարներ'!$C$35:$C$37,"ԱՁ")>0,0,$O47*'Մոդելներ և պարտադիր վճարներ'!$C$58) -> 10386.667 | M47: =IF(COUNTIFS('Մոդելներ և պարտադիր վճարներ'!$B$35:$B$37,$D47,'Մոդելներ և պարտադիր վճարներ'!$C$35:$C$37,"ԱՁ")>0,0,INDEX('Մոդելներ և պարտադիր վճարներ'!$D$67:$D$71,IFERROR(MATCH(IFERROR(INDEX('Մոդելներ և պարտադիր վճարներ'!$D$35:$D$37,MATCH($D47,'Մոդելներ և պարտադիր վճարներ'!$B$35:$B$37,0)),$J47*(1+'Մոդելներ և պարտադիր վճարներ'!$C$60)),'Մոդելներ և պարտադիր վճարներ'!$F$67:$F$71,1)+1,1))) -> 1000 | N47: =IF(COUNTIFS('Մոդելներ և պարտադիր վճարներ'!$B$35:$B$37,$D47,'Մոդելներ և պարտադիր վճարներ'!$C$35:$C$37,"ԱՁ")>0,0,INDEX('Մոդելներ և պարտադիր վճարներ'!$E$67:$E$71,IFERROR(MATCH(IFERROR(INDEX('Մոդելներ և պարտադիր վճարներ'!$D$35:$D$37,MATCH($D47,'Մոդելներ և պարտադիր վճարներ'!$B$35:$B$37,0)),$J47*(1+'Մոդելներ և պարտադիր վճարներ'!$C$60)),'Մոդելներ և պարտադիր վճարներ'!$F$67:$F$71,1)+1,1))) -> 4800 | O47: =IF(COUNTIFS('Մոդելներ և պարտադիր վճարներ'!$B$35:$B$37,$D47,'Մոդելներ և պարտադիր վճարներ'!$C$35:$C$37,"ԱՁ")>0,$J47,($J47+$M47+$N47)*'Մոդելներ և պարտադիր վճարներ'!$C$59) -> 207733.33 | P47: =F47*$J47 -> 150000 | Q47: =O47*F47 -> 207733.33 | R47: =IF(COUNTIFS('Մոդելներ և պարտադիր վճարներ'!$B$35:$B$37,$D47,'Մոդելներ և պարտադիր վճարներ'!$C$35:$C$37,"ԱՁ")>0,"Գ. ԱՁ",IF(COUNTIFS('Մոդելներ և պարտադիր վճարներ'!$B$35:$B$37,$D47,'Մոդելներ և պարտադիր վճարներ'!$C$35:$C$37,"D2D")>0,"Բ. D2D","Ա. Ֆիքս + KPI բոնուս")) -> Ա. Ֆիքս + KPI բոնուս | S47: =IF(COUNTIFS('Մոդելներ և պարտադիր վճարներ'!$B$35:$B$37,$D47,'Մոդելներ և պարտադիր վճարներ'!$C$35:$C$37,"ԱՁ")>0,$J47,IF(COUNTIFS('Մոդելներ և պարտադիր վճարներ'!$B$35:$B$37,$D47,'Մոդելներ և պարտադիր վճարներ'!$C$35:$C$37,"D2D")>0,'Մոդելներ և պարտադիր վճարներ'!$G$26,$J47*(1+'Մոդելներ և պարտադիր վճարներ'!$D$7))) -> 150000 | T47: =IF(COUNTIFS('Մոդելներ և պարտադիր վճարներ'!$B$35:$B$37,$D47,'Մոդելներ և պարտադիր վճարներ'!$C$35:$C$37,"ԱՁ")>0,$J47,IF(COUNTIFS('Մոդելներ և պարտադիր վճարներ'!$B$35:$B$37,$D47,'Մոդելներ և պարտադիր վճարներ'!$C$35:$C$37,"D2D")>0,'Մոդելներ և պարտադիր վճարներ'!$G$27,$J47*(1+'Մոդելներ և պարտադիր վճարներ'!$D$8))) -> 172500 | U47: =IF(COUNTIFS('Մոդելներ և պարտադիր վճարներ'!$B$35:$B$37,$D47,'Մոդելներ և պարտադիր վճարներ'!$C$35:$C$37,"ԱՁ")>0,$J47,IF(COUNTIFS('Մոդելներ և պարտադիր վճարներ'!$B$35:$B$37,$D47,'Մոդելներ և պարտադիր վճարներ'!$C$35:$C$37,"D2D")>0,'Մոդելներ և պարտադիր վճարներ'!$G$28,$J47*(1+'Մոդելներ և պարտադիր վճարներ'!$D$9))) -> 187500 | V47: =IF(COUNTIFS('Մոդելներ և պարտադիր վճարներ'!$B$35:$B$37,$D47,'Մոդելներ և պարտադիր վճարներ'!$C$35:$C$37,"ԱՁ")>0,$J47,IF(COUNTIFS('Մոդելներ և պարտադիր վճարներ'!$B$35:$B$37,$D47,'Մոդելներ և պարտադիր վճարներ'!$C$35:$C$37,"D2D")>0,'Մոդելներ և պարտադիր վճարներ'!$G$29,$J47*(1+'Մոդելներ և պարտադիր վճարներ'!$D$10))) -> 202500 | W47: =IF(COUNTIFS('Մոդելներ և պարտադիր վճարներ'!$B$35:$B$37,$D47,'Մոդելներ և պարտադիր վճարներ'!$C$35:$C$37,"ԱՁ")>0,$J47,IF(COUNTIFS('Մոդելներ և պարտադիր վճարներ'!$B$35:$B$37,$D47,'Մոդելներ և պարտադիր վճարներ'!$C$35:$C$37,"D2D")>0,'Մոդելներ և պարտադիր վճարներ'!$G$30,$J47*(1+'Մոդելներ և պարտադիր վճարներ'!$D$11))) -> 225000 | X47: =IF(COUNTIFS('Մոդելներ և պարտադիր վճարներ'!$B$35:$B$37,$D47,'Մոդելներ և պարտադիր վճարներ'!$C$35:$C$37,"ԱՁ")>0,$J47,($S47+INDEX('Մոդելներ և պարտադիր վճարներ'!$D$67:$D$71,IFERROR(MATCH($S47,'Մոդելներ և պարտադիր վճարներ'!$F$67:$F$71,1)+1,1))+INDEX('Մոդելներ և պարտադիր վճարներ'!$E$67:$E$71,IFERROR(MATCH($S47,'Մոդելներ և պարտադիր վճարներ'!$F$67:$F$71,1)+1,1)))*'Մոդելներ և պարտադիր վճարներ'!$C$59) -> 207733.33 | Y47: =IF(COUNTIFS('Մոդելներ և պարտադիր վճարներ'!$B$35:$B$37,$D47,'Մոդելներ և պարտադիր վճարներ'!$C$35:$C$37,"ԱՁ")>0,$J47,($T47+INDEX('Մոդելներ և պարտադիր վճարներ'!$D$67:$D$71,IFERROR(MATCH($T47,'Մոդելներ և պարտադիր վճարներ'!$F$67:$F$71,1)+1,1))+INDEX('Մոդելներ և պարտադիր վճարներ'!$E$67:$E$71,IFERROR(MATCH($T47,'Մոդելներ և պարտադիր վճարներ'!$F$67:$F$71,1)+1,1)))*'Մոդելներ և պարտադիր վճարներ'!$C$59) -> 237733.33 | Z47: =IF(COUNTIFS('Մոդելներ և պարտադիր վճարներ'!$B$35:$B$37,$D47,'Մոդելներ և պարտադիր վճարներ'!$C$35:$C$37,"ԱՁ")>0,$J47,($U47+INDEX('Մոդելներ և պարտադիր վճարներ'!$D$67:$D$71,IFERROR(MATCH($U47,'Մոդելներ և պարտադիր վճարներ'!$F$67:$F$71,1)+1,1))+INDEX('Մոդելներ և պարտադիր վճարներ'!$E$67:$E$71,IFERROR(MATCH($U47,'Մոդելներ և պարտադիր վճարներ'!$F$67:$F$71,1)+1,1)))*'Մոդելներ և պարտադիր վճարներ'!$C$59) -> 257733.33 | AA47: =IF(COUNTIFS('Մոդելներ և պարտադիր վճարներ'!$B$35:$B$37,$D47,'Մոդելներ և պարտադիր վճարներ'!$C$35:$C$37,"ԱՁ")>0,$J47,($V47+INDEX('Մոդելներ և պարտադիր վճարներ'!$D$67:$D$71,IFERROR(MATCH($V47,'Մոդելներ և պարտադիր վճարներ'!$F$67:$F$71,1)+1,1))+INDEX('Մոդելներ և պարտադիր վճարներ'!$E$67:$E$71,IFERROR(MATCH($V47,'Մոդելներ և պարտադիր վճարներ'!$F$67:$F$71,1)+1,1)))*'Մոդելներ և պարտադիր վճարներ'!$C$59) -> 277733.33 | AB47: =IF(COUNTIFS('Մոդելներ և պարտադիր վճարներ'!$B$35:$B$37,$D47,'Մոդելներ և պարտադիր վճարներ'!$C$35:$C$37,"ԱՁ")>0,$J47,($W47+INDEX('Մոդելներ և պարտադիր վճարներ'!$D$67:$D$71,IFERROR(MATCH($W47,'Մոդելներ և պարտադիր վճարներ'!$F$67:$F$71,1)+1,1))+INDEX('Մոդելներ և պարտադիր վճարներ'!$E$67:$E$71,IFERROR(MATCH($W47,'Մոդելներ և պարտադիր վճարներ'!$F$67:$F$71,1)+1,1)))*'Մոդելներ և պարտադիր վճարներ'!$C$59) -> 307733.33 | AC47: =IF(COUNTIFS('Մոդելներ և պարտադիր վճարներ'!$B$35:$B$37,$D47,'Մոդելներ և պարտադիր վճարներ'!$C$35:$C$37,"ԱՁ")>0,"Աստիճաններ չեն կիրառվում — հաշիվ-ապրանքագիր",IF(COUNTIFS('Մոդելներ և պարտադիր վճարներ'!$B$35:$B$37,$D47,'Մոդելներ և պարտադիր վճարներ'!$C$35:$C$37,"D2D")>0,"Աստիճաններ չեն կիրառվում — տես D2D բաժինը","Ֆիքս × (1 + աստիճանի %)")) -> Ֆիքս × (1 + աստիճանի %) | AD47: Բիլինգի և եկամտի ղեկավար
B48: ԸՆԴԱՄԵՆԸ Բիլինգ և եկամուտ | F48: =SUM(F46:F47) -> 2 | G48: =SUM(G46:G47) -> 1 | H48: =SUM(H46:H47) -> 1 | J48: =SUM(J46:J47) -> 450000 | K48: =SUM(K46:K47) -> 124693.33 | L48: =SUM(L46:L47) -> 31173.333 | M48: =SUM(M46:M47) -> 2000 | N48: =SUM(N46:N47) -> 15600 | O48: =SUM(O46:O47) -> 623466.67 | P48: =SUM(P46:P47) -> 450000 | Q48: =SUM(Q46:Q47) -> 623466.67 | S48: =SUMPRODUCT($S$46:$S$47,$F$46:$F$47) -> 450000 | T48: =SUMPRODUCT($T$46:$T$47,$F$46:$F$47) -> 517500 | U48: =SUMPRODUCT($U$46:$U$47,$F$46:$F$47) -> 562500 | V48: =SUMPRODUCT($V$46:$V$47,$F$46:$F$47) -> 607500 | W48: =SUMPRODUCT($W$46:$W$47,$F$46:$F$47) -> 675000 | X48: =SUMPRODUCT($X$46:$X$47,$F$46:$F$47) -> 615466.67 | Y48: =SUMPRODUCT($Y$46:$Y$47,$F$46:$F$47) -> 705466.67 | Z48: =SUMPRODUCT($Z$46:$Z$47,$F$46:$F$47) -> 773466.67 | AA48: =SUMPRODUCT($AA$46:$AA$47,$F$46:$F$47) -> 833466.67 | AB48: =SUMPRODUCT($AB$46:$AB$47,$F$46:$F$47) -> 923466.67
B50: ԴՈՒՐՍ ԳՈՐԾԱՌՆԱԿԱՆ ՊԱՅՄԱՆԱԳՐԵՐ (ԱՁ) — ՀԱՍՏԻՔԱՑՈՒՑԱԿԻՑ ԴՈՒՐՍ
B51: ԱՁ պայմանագիր | C51: Դուրս գործառնական | D51: Հավաքագրման մասնագետ | E51: 1 | F51: 1 | G51: 0 | H51: =$F51-$G51 -> 1 | I51: Կարևոր | J51: 100000 | K51: =IF(COUNTIFS('Մոդելներ և պարտադիր վճարներ'!$B$35:$B$37,$D51,'Մոդելներ և պարտադիր վճարներ'!$C$35:$C$37,"ԱՁ")>0,0,$O51*'Մոդելներ և պարտադիր վճարներ'!$C$57) -> 0 | L51: =IF(COUNTIFS('Մոդելներ և պարտադիր վճարներ'!$B$35:$B$37,$D51,'Մոդելներ և պարտադիր վճարներ'!$C$35:$C$37,"ԱՁ")>0,0,$O51*'Մոդելներ և պարտադիր վճարներ'!$C$58) -> 0 | M51: =IF(COUNTIFS('Մոդելներ և պարտադիր վճարներ'!$B$35:$B$37,$D51,'Մոդելներ և պարտադիր վճարներ'!$C$35:$C$37,"ԱՁ")>0,0,INDEX('Մոդելներ և պարտադիր վճարներ'!$D$67:$D$71,IFERROR(MATCH(IFERROR(INDEX('Մոդելներ և պարտադիր վճարներ'!$D$35:$D$37,MATCH($D51,'Մոդելներ և պարտադիր վճարներ'!$B$35:$B$37,0)),$J51*(1+'Մոդելներ և պարտադիր վճարներ'!$C$60)),'Մոդելներ և պարտադիր վճարներ'!$F$67:$F$71,1)+1,1))) -> 0 | N51: =IF(COUNTIFS('Մոդելներ և պարտադիր վճարներ'!$B$35:$B$37,$D51,'Մոդելներ և պարտադիր վճարներ'!$C$35:$C$37,"ԱՁ")>0,0,INDEX('Մոդելներ և պարտադիր վճարներ'!$E$67:$E$71,IFERROR(MATCH(IFERROR(INDEX('Մոդելներ և պարտադիր վճարներ'!$D$35:$D$37,MATCH($D51,'Մոդելներ և պարտադիր վճարներ'!$B$35:$B$37,0)),$J51*(1+'Մոդելներ և պարտադիր վճարներ'!$C$60)),'Մոդելներ և պարտադիր վճարներ'!$F$67:$F$71,1)+1,1))) -> 0 | O51: =IF(COUNTIFS('Մոդելներ և պարտադիր վճարներ'!$B$35:$B$37,$D51,'Մոդելներ և պարտադիր վճարներ'!$C$35:$C$37,"ԱՁ")>0,$J51,($J51+$M51+$N51)*'Մոդելներ և պարտադիր վճարներ'!$C$59) -> 100000 | P51: =F51*$J51 -> 100000 | Q51: =O51*F51 -> 100000 | R51: =IF(COUNTIFS('Մոդելներ և պարտադիր վճարներ'!$B$35:$B$37,$D51,'Մոդելներ և պարտադիր վճարներ'!$C$35:$C$37,"ԱՁ")>0,"Գ. ԱՁ",IF(COUNTIFS('Մոդելներ և պարտադիր վճարներ'!$B$35:$B$37,$D51,'Մոդելներ և պարտադիր վճարներ'!$C$35:$C$37,"D2D")>0,"Բ. D2D","Ա. Ֆիքս + KPI բոնուս")) -> Գ. ԱՁ | S51: =IF(COUNTIFS('Մոդելներ և պարտադիր վճարներ'!$B$35:$B$37,$D51,'Մոդելներ և պարտադիր վճարներ'!$C$35:$C$37,"ԱՁ")>0,$J51,IF(COUNTIFS('Մոդելներ և պարտադիր վճարներ'!$B$35:$B$37,$D51,'Մոդելներ և պարտադիր վճարներ'!$C$35:$C$37,"D2D")>0,'Մոդելներ և պարտադիր վճարներ'!$G$26,$J51*(1+'Մոդելներ և պարտադիր վճարներ'!$D$7))) -> 100000 | T51: =IF(COUNTIFS('Մոդելներ և պարտադիր վճարներ'!$B$35:$B$37,$D51,'Մոդելներ և պարտադիր վճարներ'!$C$35:$C$37,"ԱՁ")>0,$J51,IF(COUNTIFS('Մոդելներ և պարտադիր վճարներ'!$B$35:$B$37,$D51,'Մոդելներ և պարտադիր վճարներ'!$C$35:$C$37,"D2D")>0,'Մոդելներ և պարտադիր վճարներ'!$G$27,$J51*(1+'Մոդելներ և պարտադիր վճարներ'!$D$8))) -> 100000 | U51: =IF(COUNTIFS('Մոդելներ և պարտադիր վճարներ'!$B$35:$B$37,$D51,'Մոդելներ և պարտադիր վճարներ'!$C$35:$C$37,"ԱՁ")>0,$J51,IF(COUNTIFS('Մոդելներ և պարտադիր վճարներ'!$B$35:$B$37,$D51,'Մոդելներ և պարտադիր վճարներ'!$C$35:$C$37,"D2D")>0,'Մոդելներ և պարտադիր վճարներ'!$G$28,$J51*(1+'Մոդելներ և պարտադիր վճարներ'!$D$9))) -> 100000 | V51: =IF(COUNTIFS('Մոդելներ և պարտադիր վճարներ'!$B$35:$B$37,$D51,'Մոդելներ և պարտադիր վճարներ'!$C$35:$C$37,"ԱՁ")>0,$J51,IF(COUNTIFS('Մոդելներ և պարտադիր վճարներ'!$B$35:$B$37,$D51,'Մոդելներ և պարտադիր վճարներ'!$C$35:$C$37,"D2D")>0,'Մոդելներ և պարտադիր վճարներ'!$G$29,$J51*(1+'Մոդելներ և պարտադիր վճարներ'!$D$10))) -> 100000 | W51: =IF(COUNTIFS('Մոդելներ և պարտադիր վճարներ'!$B$35:$B$37,$D51,'Մոդելներ և պարտադիր վճարներ'!$C$35:$C$37,"ԱՁ")>0,$J51,IF(COUNTIFS('Մոդելներ և պարտադիր վճարներ'!$B$35:$B$37,$D51,'Մոդելներ և պարտադիր վճարներ'!$C$35:$C$37,"D2D")>0,'Մոդելներ և պարտադիր վճարներ'!$G$30,$J51*(1+'Մոդելներ և պարտադիր վճարներ'!$D$11))) -> 100000 | X51: =IF(COUNTIFS('Մոդելներ և պարտադիր վճարներ'!$B$35:$B$37,$D51,'Մոդելներ և պարտադիր վճարներ'!$C$35:$C$37,"ԱՁ")>0,$J51,($S51+INDEX('Մոդելներ և պարտադիր վճարներ'!$D$67:$D$71,IFERROR(MATCH($S51,'Մոդելներ և պարտադիր վճարներ'!$F$67:$F$71,1)+1,1))+INDEX('Մոդելներ և պարտադիր վճարներ'!$E$67:$E$71,IFERROR(MATCH($S51,'Մոդելներ և պարտադիր վճարներ'!$F$67:$F$71,1)+1,1)))*'Մոդելներ և պարտադիր վճարներ'!$C$59) -> 100000 | Y51: =IF(COUNTIFS('Մոդելներ և պարտադիր վճարներ'!$B$35:$B$37,$D51,'Մոդելներ և պարտադիր վճարներ'!$C$35:$C$37,"ԱՁ")>0,$J51,($T51+INDEX('Մոդելներ և պարտադիր վճարներ'!$D$67:$D$71,IFERROR(MATCH($T51,'Մոդելներ և պարտադիր վճարներ'!$F$67:$F$71,1)+1,1))+INDEX('Մոդելներ և պարտադիր վճարներ'!$E$67:$E$71,IFERROR(MATCH($T51,'Մոդելներ և պարտադիր վճարներ'!$F$67:$F$71,1)+1,1)))*'Մոդելներ և պարտադիր վճարներ'!$C$59) -> 100000 | Z51: =IF(COUNTIFS('Մոդելներ և պարտադիր վճարներ'!$B$35:$B$37,$D51,'Մոդելներ և պարտադիր վճարներ'!$C$35:$C$37,"ԱՁ")>0,$J51,($U51+INDEX('Մոդելներ և պարտադիր վճարներ'!$D$67:$D$71,IFERROR(MATCH($U51,'Մոդելներ և պարտադիր վճարներ'!$F$67:$F$71,1)+1,1))+INDEX('Մոդելներ և պարտադիր վճարներ'!$E$67:$E$71,IFERROR(MATCH($U51,'Մոդելներ և պարտադիր վճարներ'!$F$67:$F$71,1)+1,1)))*'Մոդելներ և պարտադիր վճարներ'!$C$59) -> 100000 | AA51: =IF(COUNTIFS('Մոդելներ և պարտադիր վճարներ'!$B$35:$B$37,$D51,'Մոդելներ և պարտադիր վճարներ'!$C$35:$C$37,"ԱՁ")>0,$J51,($V51+INDEX('Մոդելներ և պարտադիր վճարներ'!$D$67:$D$71,IFERROR(MATCH($V51,'Մոդելներ և պարտադիր վճարներ'!$F$67:$F$71,1)+1,1))+INDEX('Մոդելներ և պարտադիր վճարներ'!$E$67:$E$71,IFERROR(MATCH($V51,'Մոդելներ և պարտադիր վճարներ'!$F$67:$F$71,1)+1,1)))*'Մոդելներ և պարտադիր վճարներ'!$C$59) -> 100000 | AB51: =IF(COUNTIFS('Մոդելներ և պարտադիր վճարներ'!$B$35:$B$37,$D51,'Մոդելներ և պարտադիր վճարներ'!$C$35:$C$37,"ԱՁ")>0,$J51,($W51+INDEX('Մոդելներ և պարտադիր վճարներ'!$D$67:$D$71,IFERROR(MATCH($W51,'Մոդելներ և պարտադիր վճարներ'!$F$67:$F$71,1)+1,1))+INDEX('Մոդելներ և պարտադիր վճարներ'!$E$67:$E$71,IFERROR(MATCH($W51,'Մոդելներ և պարտադիր վճարներ'!$F$67:$F$71,1)+1,1)))*'Մոդելներ և պարտադիր վճարներ'!$C$59) -> 100000 | AC51: =IF(COUNTIFS('Մոդելներ և պարտադիր վճարներ'!$B$35:$B$37,$D51,'Մոդելներ և պարտադիր վճարներ'!$C$35:$C$37,"ԱՁ")>0,"Աստիճաններ չեն կիրառվում — հաշիվ-ապրանքագիր",IF(COUNTIFS('Մոդելներ և պարտադիր վճարներ'!$B$35:$B$37,$D51,'Մոդելներ և պարտադիր վճարներ'!$C$35:$C$37,"D2D")>0,"Աստիճաններ չեն կիրառվում — տես D2D բաժինը","Ֆիքս × (1 + աստիճանի %)")) -> Աստիճաններ չեն կիրառվում — հաշիվ-ապրանքագիր | AD51: Գործադիր տնօրեն
B52: ԱՁ պայմանագիր | C52: Դուրս գործառնական | D52: Իրավաբան | E52: 1 | F52: 1 | G52: 0 | H52: =$F52-$G52 -> 1 | I52: Կարևոր | J52: 50000 | K52: =IF(COUNTIFS('Մոդելներ և պարտադիր վճարներ'!$B$35:$B$37,$D52,'Մոդելներ և պարտադիր վճարներ'!$C$35:$C$37,"ԱՁ")>0,0,$O52*'Մոդելներ և պարտադիր վճարներ'!$C$57) -> 0 | L52: =IF(COUNTIFS('Մոդելներ և պարտադիր վճարներ'!$B$35:$B$37,$D52,'Մոդելներ և պարտադիր վճարներ'!$C$35:$C$37,"ԱՁ")>0,0,$O52*'Մոդելներ և պարտադիր վճարներ'!$C$58) -> 0 | M52: =IF(COUNTIFS('Մոդելներ և պարտադիր վճարներ'!$B$35:$B$37,$D52,'Մոդելներ և պարտադիր վճարներ'!$C$35:$C$37,"ԱՁ")>0,0,INDEX('Մոդելներ և պարտադիր վճարներ'!$D$67:$D$71,IFERROR(MATCH(IFERROR(INDEX('Մոդելներ և պարտադիր վճարներ'!$D$35:$D$37,MATCH($D52,'Մոդելներ և պարտադիր վճարներ'!$B$35:$B$37,0)),$J52*(1+'Մոդելներ և պարտադիր վճարներ'!$C$60)),'Մոդելներ և պարտադիր վճարներ'!$F$67:$F$71,1)+1,1))) -> 0 | N52: =IF(COUNTIFS('Մոդելներ և պարտադիր վճարներ'!$B$35:$B$37,$D52,'Մոդելներ և պարտադիր վճարներ'!$C$35:$C$37,"ԱՁ")>0,0,INDEX('Մոդելներ և պարտադիր վճարներ'!$E$67:$E$71,IFERROR(MATCH(IFERROR(INDEX('Մոդելներ և պարտադիր վճարներ'!$D$35:$D$37,MATCH($D52,'Մոդելներ և պարտադիր վճարներ'!$B$35:$B$37,0)),$J52*(1+'Մոդելներ և պարտադիր վճարներ'!$C$60)),'Մոդելներ և պարտադիր վճարներ'!$F$67:$F$71,1)+1,1))) -> 0 | O52: =IF(COUNTIFS('Մոդելներ և պարտադիր վճարներ'!$B$35:$B$37,$D52,'Մոդելներ և պարտադիր վճարներ'!$C$35:$C$37,"ԱՁ")>0,$J52,($J52+$M52+$N52)*'Մոդելներ և պարտադիր վճարներ'!$C$59) -> 50000 | P52: =F52*$J52 -> 50000 | Q52: =O52*F52 -> 50000 | R52: =IF(COUNTIFS('Մոդելներ և պարտադիր վճարներ'!$B$35:$B$37,$D52,'Մոդելներ և պարտադիր վճարներ'!$C$35:$C$37,"ԱՁ")>0,"Գ. ԱՁ",IF(COUNTIFS('Մոդելներ և պարտադիր վճարներ'!$B$35:$B$37,$D52,'Մոդելներ և պարտադիր վճարներ'!$C$35:$C$37,"D2D")>0,"Բ. D2D","Ա. Ֆիքս + KPI բոնուս")) -> Գ. ԱՁ | S52: =IF(COUNTIFS('Մոդելներ և պարտադիր վճարներ'!$B$35:$B$37,$D52,'Մոդելներ և պարտադիր վճարներ'!$C$35:$C$37,"ԱՁ")>0,$J52,IF(COUNTIFS('Մոդելներ և պարտադիր վճարներ'!$B$35:$B$37,$D52,'Մոդելներ և պարտադիր վճարներ'!$C$35:$C$37,"D2D")>0,'Մոդելներ և պարտադիր վճարներ'!$G$26,$J52*(1+'Մոդելներ և պարտադիր վճարներ'!$D$7))) -> 50000 | T52: =IF(COUNTIFS('Մոդելներ և պարտադիր վճարներ'!$B$35:$B$37,$D52,'Մոդելներ և պարտադիր վճարներ'!$C$35:$C$37,"ԱՁ")>0,$J52,IF(COUNTIFS('Մոդելներ և պարտադիր վճարներ'!$B$35:$B$37,$D52,'Մոդելներ և պարտադիր վճարներ'!$C$35:$C$37,"D2D")>0,'Մոդելներ և պարտադիր վճարներ'!$G$27,$J52*(1+'Մոդելներ և պարտադիր վճարներ'!$D$8))) -> 50000 | U52: =IF(COUNTIFS('Մոդելներ և պարտադիր վճարներ'!$B$35:$B$37,$D52,'Մոդելներ և պարտադիր վճարներ'!$C$35:$C$37,"ԱՁ")>0,$J52,IF(COUNTIFS('Մոդելներ և պարտադիր վճարներ'!$B$35:$B$37,$D52,'Մոդելներ և պարտադիր վճարներ'!$C$35:$C$37,"D2D")>0,'Մոդելներ և պարտադիր վճարներ'!$G$28,$J52*(1+'Մոդելներ և պարտադիր վճարներ'!$D$9))) -> 50000 | V52: =IF(COUNTIFS('Մոդելներ և պարտադիր վճարներ'!$B$35:$B$37,$D52,'Մոդելներ և պարտադիր վճարներ'!$C$35:$C$37,"ԱՁ")>0,$J52,IF(COUNTIFS('Մոդելներ և պարտադիր վճարներ'!$B$35:$B$37,$D52,'Մոդելներ և պարտադիր վճարներ'!$C$35:$C$37,"D2D")>0,'Մոդելներ և պարտադիր վճարներ'!$G$29,$J52*(1+'Մոդելներ և պարտադիր վճարներ'!$D$10))) -> 50000 | W52: =IF(COUNTIFS('Մոդելներ և պարտադիր վճարներ'!$B$35:$B$37,$D52,'Մոդելներ և պարտադիր վճարներ'!$C$35:$C$37,"ԱՁ")>0,$J52,IF(COUNTIFS('Մոդելներ և պարտադիր վճարներ'!$B$35:$B$37,$D52,'Մոդելներ և պարտադիր վճարներ'!$C$35:$C$37,"D2D")>0,'Մոդելներ և պարտադիր վճարներ'!$G$30,$J52*(1+'Մոդելներ և պարտադիր վճարներ'!$D$11))) -> 50000 | X52: =IF(COUNTIFS('Մոդելներ և պարտադիր վճարներ'!$B$35:$B$37,$D52,'Մոդելներ և պարտադիր վճարներ'!$C$35:$C$37,"ԱՁ")>0,$J52,($S52+INDEX('Մոդելներ և պարտադիր վճարներ'!$D$67:$D$71,IFERROR(MATCH($S52,'Մոդելներ և պարտադիր վճարներ'!$F$67:$F$71,1)+1,1))+INDEX('Մոդելներ և պարտադիր վճարներ'!$E$67:$E$71,IFERROR(MATCH($S52,'Մոդելներ և պարտադիր վճարներ'!$F$67:$F$71,1)+1,1)))*'Մոդելներ և պարտադիր վճարներ'!$C$59) -> 50000 | Y52: =IF(COUNTIFS('Մոդելներ և պարտադիր վճարներ'!$B$35:$B$37,$D52,'Մոդելներ և պարտադիր վճարներ'!$C$35:$C$37,"ԱՁ")>0,$J52,($T52+INDEX('Մոդելներ և պարտադիր վճարներ'!$D$67:$D$71,IFERROR(MATCH($T52,'Մոդելներ և պարտադիր վճարներ'!$F$67:$F$71,1)+1,1))+INDEX('Մոդելներ և պարտադիր վճարներ'!$E$67:$E$71,IFERROR(MATCH($T52,'Մոդելներ և պարտադիր վճարներ'!$F$67:$F$71,1)+1,1)))*'Մոդելներ և պարտադիր վճարներ'!$C$59) -> 50000 | Z52: =IF(COUNTIFS('Մոդելներ և պարտադիր վճարներ'!$B$35:$B$37,$D52,'Մոդելներ և պարտադիր վճարներ'!$C$35:$C$37,"ԱՁ")>0,$J52,($U52+INDEX('Մոդելներ և պարտադիր վճարներ'!$D$67:$D$71,IFERROR(MATCH($U52,'Մոդելներ և պարտադիր վճարներ'!$F$67:$F$71,1)+1,1))+INDEX('Մոդելներ և պարտադիր վճարներ'!$E$67:$E$71,IFERROR(MATCH($U52,'Մոդելներ և պարտադիր վճարներ'!$F$67:$F$71,1)+1,1)))*'Մոդելներ և պարտադիր վճարներ'!$C$59) -> 50000 | AA52: =IF(COUNTIFS('Մոդելներ և պարտադիր վճարներ'!$B$35:$B$37,$D52,'Մոդելներ և պարտադիր վճարներ'!$C$35:$C$37,"ԱՁ")>0,$J52,($V52+INDEX('Մոդելներ և պարտադիր վճարներ'!$D$67:$D$71,IFERROR(MATCH($V52,'Մոդելներ և պարտադիր վճարներ'!$F$67:$F$71,1)+1,1))+INDEX('Մոդելներ և պարտադիր վճարներ'!$E$67:$E$71,IFERROR(MATCH($V52,'Մոդելներ և պարտադիր վճարներ'!$F$67:$F$71,1)+1,1)))*'Մոդելներ և պարտադիր վճարներ'!$C$59) -> 50000 | AB52: =IF(COUNTIFS('Մոդելներ և պարտադիր վճարներ'!$B$35:$B$37,$D52,'Մոդելներ և պարտադիր վճարներ'!$C$35:$C$37,"ԱՁ")>0,$J52,($W52+INDEX('Մոդելներ և պարտադիր վճարներ'!$D$67:$D$71,IFERROR(MATCH($W52,'Մոդելներ և պարտադիր վճարներ'!$F$67:$F$71,1)+1,1))+INDEX('Մոդելներ և պարտադիր վճարներ'!$E$67:$E$71,IFERROR(MATCH($W52,'Մոդելներ և պարտադիր վճարներ'!$F$67:$F$71,1)+1,1)))*'Մոդելներ և պարտադիր վճարներ'!$C$59) -> 50000 | AC52: =IF(COUNTIFS('Մոդելներ և պարտադիր վճարներ'!$B$35:$B$37,$D52,'Մոդելներ և պարտադիր վճարներ'!$C$35:$C$37,"ԱՁ")>0,"Աստիճաններ չեն կիրառվում — հաշիվ-ապրանքագիր",IF(COUNTIFS('Մոդելներ և պարտադիր վճարներ'!$B$35:$B$37,$D52,'Մոդելներ և պարտադիր վճարներ'!$C$35:$C$37,"D2D")>0,"Աստիճաններ չեն կիրառվում — տես D2D բաժինը","Ֆիքս × (1 + աստիճանի %)")) -> Աստիճաններ չեն կիրառվում — հաշիվ-ապրանքագիր | AD52: Գործադիր տնօրեն
B53: ԸՆԴԱՄԵՆԸ ԱՁ (հաստիք չէ) | F53: =SUM(F51:F52) -> 2 | G53: =SUM(G51:G52) -> 0 | H53: =SUM(H51:H52) -> 2 | J53: =SUM(J51:J52) -> 150000 | K53: =SUM(K51:K52) -> 0 | L53: =SUM(L51:L52) -> 0 | M53: =SUM(M51:M52) -> 0 | N53: =SUM(N51:N52) -> 0 | O53: =SUM(O51:O52) -> 150000 | P53: =SUM(P51:P52) -> 150000 | Q53: =SUM(Q51:Q52) -> 150000 | S53: =SUMPRODUCT($S$51:$S$52,$F$51:$F$52) -> 150000 | T53: =SUMPRODUCT($T$51:$T$52,$F$51:$F$52) -> 150000 | U53: =SUMPRODUCT($U$51:$U$52,$F$51:$F$52) -> 150000 | V53: =SUMPRODUCT($V$51:$V$52,$F$51:$F$52) -> 150000 | W53: =SUMPRODUCT($W$51:$W$52,$F$51:$F$52) -> 150000 | X53: =SUMPRODUCT($X$51:$X$52,$F$51:$F$52) -> 150000 | Y53: =SUMPRODUCT($Y$51:$Y$52,$F$51:$F$52) -> 150000 | Z53: =SUMPRODUCT($Z$51:$Z$52,$F$51:$F$52) -> 150000 | AA53: =SUMPRODUCT($AA$51:$AA$52,$F$51:$F$52) -> 150000 | AB53: =SUMPRODUCT($AB$51:$AB$52,$F$51:$F$52) -> 150000
